Country,Date,Value,Precipitation
Australia,2023-03-01,1215.8041,0.08064081
Australia,2023-02-01,942.5558,0.12786911
Australia,2023-01-01,1190.7296,0.15924188
Australia,2022-12-01,1110.1523,0.105661765
Australia,2022-11-01,1397.5839,0.07352423
Australia,2022-10-01,1339.9232,0.081490755
Australia,2022-09-01,1487.285,0.051358912
Australia,2022-08-01,1528.9465,0.03258267
Australia,2022-07-01,1831.1456,0.030800117
Australia,2022-06-01,1961.3917,0.028705167
Australia,2022-05-01,1979.7156,0.06883268
Australia,2022-04-01,1159.1255,0.055707697
Australia,2022-03-01,1189.8084,0.056162287
Australia,2022-02-01,1046.3769,0.082130566
Australia,2022-01-01,1244.0871,0.14943914
Australia,2021-12-01,1105.0617,0.053012468
Australia,2021-11-01,1366.0608,0.09978955
Australia,2021-10-01,1364.7672,0.031011146
Australia,2021-09-01,1355.828,0.021519156
Australia,2021-08-01,1447.433,0.015625857
Australia,2021-07-01,1595.1266,0.03000827
Australia,2021-06-01,1782.0673,0.03824266
Australia,2021-05-01,1558.2958,0.027379721
Australia,2021-04-01,1364.8056,0.034694336
Australia,2021-03-01,1280.4825,0.103061415
Australia,2021-02-01,1025.6169,0.1471828
Australia,2021-01-01,1078.7919,0.11870507
Australia,2020-12-01,958.9621,0.14508702
Australia,2020-11-01,994.2664,0.019084902
Australia,2020-10-01,1236.2779,0.03984635
Australia,2020-09-01,1072.4106,0.023886729
Australia,2020-08-01,1268.5871,0.029213807
Australia,2020-07-01,1605.7045,0.017277325
Australia,2020-06-01,1588.7193,0.014597851
Australia,2020-05-01,1534.621,0.028512398
Australia,2020-04-01,1268.3681,0.034133554
Australia,2020-03-01,1119.52,0.073742636
Australia,2020-02-01,1103.5167,0.13134667
Australia,2020-01-01,1129.6449,0.1323177
Australia,2019-12-01,1016.4202,0.015545343
Australia,2019-11-01,1023.1918,0.015028256
Australia,2019-10-01,1008.5131,0.013169929
Australia,2019-09-01,1238.2563,0.010737984
Australia,2019-08-01,1508.988,0.013090999
Australia,2019-07-01,1612.8909,0.016237538
Australia,2019-06-01,1725.6331,0.02593932
Australia,2019-05-01,1341.1871,0.022677463
Australia,2019-04-01,960.2559,0.03469157
Australia,2019-03-01,846.4939,0.077743776
Australia,2019-02-01,782.7572,0.058508597
Australia,2019-01-01,1211.1152,0.07813201
Australia,2018-12-01,1301.5345,0.055428125
Australia,2018-11-01,1244.9338,0.04237074
Australia,2018-10-01,1129.8765,0.03028452
Australia,2018-09-01,1581.6357,0.009134695
Australia,2018-08-01,2075.8003,0.020283982
Australia,2018-07-01,1942.3704,0.015836526
Australia,2018-06-01,2079.4369,0.027166981
Australia,2018-05-01,1612.8467,0.013997739
Australia,2018-04-01,1500.098,0.015093266
Australia,2018-03-01,1188.1699,0.07980904
Australia,2018-02-01,997.139,0.11282598
Australia,2018-01-01,1165.2396,0.14769349
Australia,2017-12-01,786.0822,0.05501343
Australia,2017-11-01,869.8313,0.046849452
Australia,2017-10-01,1378.9516,0.043561395
Australia,2017-09-01,1319.1552,0.017175581
Australia,2017-08-01,1554.1563,0.019460794
Australia,2017-07-01,1495.6915,0.017914884
Australia,2017-06-01,1485.6419,0.013862669
Australia,2017-05-01,1422.1601,0.021559471
Australia,2017-04-01,684.0958,0.039790917
Australia,2017-03-01,726.5864,0.09968977
Australia,2017-02-01,959.226,0.12154554
Australia,2017-01-01,850.6501,0.17099725
Australia,2016-12-01,1466.037,0.12857169
Australia,2016-11-01,1717.876,0.024221022
Australia,2016-10-01,2012.321,0.023936436
Australia,2016-09-01,1451.654,0.06397024
Australia,2016-08-01,1683.083,0.036795426
Australia,2016-07-01,1825.668,0.048771273
Australia,2016-06-01,1769.5959,0.068467945
Australia,2016-05-01,1300.9196,0.056771386
Australia,2016-04-01,953.9071,0.018747767
Australia,2016-03-01,1218.0204,0.0815694
Australia,2016-02-01,1171.597,0.050942175
Australia,2016-01-01,1414.7492,0.09402952
Australia,2015-12-01,1058.963,0.11235212
Australia,2015-11-01,859.52,0.039502617
Australia,2015-10-01,1015.1192,0.013560711
Australia,2015-09-01,1413.5081,0.00903993
Australia,2015-08-01,1714.6649,0.02146382
Australia,2015-07-01,1561.0525,0.025310518
Australia,2015-06-01,1511.976,0.027067918
Australia,2015-05-01,1283.2769,0.029820342
Australia,2015-04-01,1067.2862,0.042287115
Australia,2015-03-01,951.3065,0.058958523
Australia,2015-02-01,886.471,0.069840044
Australia,2015-01-01,940.3819,0.16002882
Australia,2014-12-01,797.707,0.085282266
Australia,2014-11-01,792.324,0.029731853
Australia,2014-10-01,1023.924,0.012413241
Australia,2014-09-01,1167.128,0.01781404
Australia,2014-08-01,1438.076,0.020114347
Australia,2014-07-01,1585.126,0.021896064
Australia,2014-06-01,1735.665,0.02086158
Australia,2014-05-01,1569.176,0.030954897
Australia,2014-04-01,1157.836,0.058123585
Australia,2014-03-01,1041.685,0.058817327
Australia,2014-02-01,1071.815,0.16805388
Australia,2014-01-01,1209.916,0.1431452
Australia,2013-12-01,1690.361,0.05727519
Australia,2013-11-01,1634.882,0.0623039
Australia,2013-10-01,1826.306,0.014136051
Australia,2013-09-01,1706.648,0.021071626
Australia,2013-08-01,1808.19,0.016804513
Australia,2013-07-01,1968.52,0.024864828
Australia,2013-06-01,1592.951,0.045017343
Australia,2013-05-01,1621.638,0.048453074
Australia,2013-04-01,1417.845,0.029198967
Australia,2013-03-01,1304.397,0.08526087
Australia,2013-02-01,1371.249,0.1051762
Australia,2013-01-01,1316.816,0.09069883
Australia,2012-12-01,1159.981,0.05547115
Australia,2012-11-01,1176.513,0.036409367
Australia,2012-10-01,1504.981,0.014266447
Australia,2012-09-01,1745.342,0.013889385
Australia,2012-08-01,1963.469,0.012013735
Australia,2012-07-01,2094.819,0.02654914
Australia,2012-06-01,1654.823,0.03353708
Australia,2012-05-01,1236.06,0.028915554
Australia,2012-04-01,1207.434,0.029529195
Australia,2012-03-01,1177.444,0.1460534
Australia,2012-02-01,895.97,0.10426341
Australia,2012-01-01,847.242,0.13707899
Australia,2011-12-01,904.043,0.09255291
Australia,2011-11-01,1076.628,0.07567508
Australia,2011-10-01,999.56,0.04597704
Australia,2011-09-01,1226.283,0.019054119
Australia,2011-08-01,1332.328,0.020730704
Australia,2011-07-01,1525.185,0.028794525
Australia,2011-06-01,1351.137,0.02873972
Australia,2011-05-01,1291.933,0.022193747
Australia,2011-04-01,911.037,0.058971167
Australia,2011-03-01,992.483,0.20096184
Australia,2011-02-01,1216.229,0.22494483
Australia,2011-01-01,1171.131,0.15044011
Australia,2010-12-01,1643.899,0.14908421
Australia,2010-11-01,1732.886,0.086715564
Australia,2010-10-01,1582.344,0.07215702
Australia,2010-09-01,1737.34,0.062142234
Australia,2010-08-01,1671.956,0.038907576
Australia,2010-07-01,1504.626,0.045605257
Australia,2010-06-01,1408.504,0.018288076
Australia,2010-05-01,1318.908,0.043836348
Australia,2010-04-01,1044.406,0.054827366
Australia,2010-03-01,852.869,0.07271598
Australia,2010-02-01,983.425,0.14189729
Australia,2010-01-01,990.728,0.13252935
Canada,2023-03-01,36167.1401,0.038108982
Canada,2023-02-01,35371.5656,0.050854392
Canada,2023-01-01,39787.1108,0.05156954
Canada,2022-12-01,38808.9988,0.06908223
Canada,2022-11-01,32724.8633,0.07199442
Canada,2022-10-01,28813.5738,0.09401295
Canada,2022-09-01,27909.4623,0.08736184
Canada,2022-08-01,32265.0906,0.095816374
Canada,2022-07-01,31191.1543,0.10217263
Canada,2022-06-01,29469.028,0.10341877
Canada,2022-05-01,29751.6057,0.082858786
Canada,2022-04-01,31138.5495,0.068739034
Canada,2022-03-01,35382.3953,0.05593236
Canada,2022-02-01,34920.3795,0.058431584
Canada,2022-01-01,40191.7086,0.059760816
Canada,2021-12-01,37355.71,0.06723092
Canada,2021-11-01,30389.5965,0.09134322
Canada,2021-10-01,27769.5292,0.08196944
Canada,2021-09-01,25750.5166,0.118106246
Canada,2021-08-01,28331.6363,0.11132114
Canada,2021-07-01,29499.468,0.09318376
Canada,2021-06-01,28297.9357,0.09431873
Canada,2021-05-01,29155.367,0.06849565
Canada,2021-04-01,29980.5024,0.059088595
Canada,2021-03-01,35632.6572,0.06306258
Canada,2021-02-01,36621.3508,0.05042118
Canada,2021-01-01,40291.7302,0.05069579
Canada,2020-12-01,38277.7011,0.07691589
Canada,2020-11-01,31331.2563,0.083008826
Canada,2020-10-01,29379.6974,0.096894205
Canada,2020-09-01,26080.9804,0.101133324
Canada,2020-08-01,29520.4114,0.117550686
Canada,2020-07-01,31164.6625,0.12349079
Canada,2020-06-01,28123.1863,0.10372802
Canada,2020-05-01,28328.3589,0.06755237
Canada,2020-04-01,28941.7401,0.056699913
Canada,2020-03-01,35148.4065,0.05732618
Canada,2020-02-01,36015.3218,0.047096375
Canada,2020-01-01,38623.2552,0.058839343
Canada,2019-12-01,37778.744,0.06089465
Canada,2019-11-01,33767.6805,0.078885116
Canada,2019-10-01,26922.0668,0.09162633
Canada,2019-09-01,25792.8609,0.10369013
Canada,2019-08-01,28058.9099,0.118811265
Canada,2019-07-01,28918.8192,0.11398696
Canada,2019-06-01,26458.7394,0.10649335
Canada,2019-05-01,28521.637,0.05532597
Canada,2019-04-01,29239.959,0.06779588
Canada,2019-03-01,34351.9293,0.0389505
Canada,2019-02-01,36316.6541,0.04260626
Canada,2019-01-01,39854.0,0.059634674
Canada,2018-12-01,37395.3213,0.059163515
Canada,2018-11-01,33135.9652,0.07501775
Canada,2018-10-01,28909.0308,0.081608325
Canada,2018-09-01,26166.9882,0.10208357
Canada,2018-08-01,29480.6199,0.10665601
Canada,2018-07-01,30296.6595,0.108668186
Canada,2018-06-01,28000.1258,0.09772439
Canada,2018-05-01,29229.7453,0.061670817
Canada,2018-04-01,30511.4267,0.05610703
Canada,2018-03-01,35106.8109,0.043277796
Canada,2018-02-01,34308.5232,0.050217867
Canada,2018-01-01,39588.7833,0.061531994
Canada,2017-12-01,39516.248,0.054021932
Canada,2017-11-01,32781.154,0.08786927
Canada,2017-10-01,26976.81,0.107097305
Canada,2017-09-01,28556.846,0.092731066
Canada,2017-08-01,30502.6,0.090462126
Canada,2017-07-01,30491.965,0.09575193
Canada,2017-06-01,28514.03,0.10333558
Canada,2017-05-01,29334.42,0.07726511
Canada,2017-04-01,31193.736,0.062708504
Canada,2017-03-01,37764.886,0.062270463
Canada,2017-02-01,35074.051,0.053380687
Canada,2017-01-01,40044.254,0.05904248
Canada,2016-12-01,38565.13,0.054564774
Canada,2016-11-01,32045.534,0.075098775
Canada,2016-10-01,28634.703,0.09568893
Canada,2016-09-01,27102.967,0.10762381
Canada,2016-08-01,29489.333,0.10775621
Canada,2016-07-01,29403.124,0.11291738
Canada,2016-06-01,28374.747,0.10413691
Canada,2016-05-01,29258.92,0.07360777
Canada,2016-04-01,30243.762,0.05646802
Canada,2016-03-01,34515.15,0.05381676
Canada,2016-02-01,35278.061,0.05802072
Canada,2016-01-01,38776.567,0.049440037
Canada,2015-12-01,34674.844,0.059691537
Canada,2015-11-01,30666.843,0.07862629
Canada,2015-10-01,28711.593,0.08720692
Canada,2015-09-01,27599.94,0.1044336
Canada,2015-08-01,28252.546,0.111499496
Canada,2015-07-01,28733.473,0.11796523
Canada,2015-06-01,27781.859,0.08584678
Canada,2015-05-01,28382.077,0.061163496
Canada,2015-04-01,30969.789,0.057969373
Canada,2015-03-01,35628.257,0.04912277
Canada,2015-02-01,36579.085,0.04597831
Canada,2015-01-01,40501.693,0.05816649
Canada,2014-12-01,37372.103,0.06022161
Canada,2014-11-01,32259.771,0.076365404
Canada,2014-10-01,26768.625,0.107447185
Canada,2014-09-01,26644.126,0.095717944
Canada,2014-08-01,28960.758,0.09811364
Canada,2014-07-01,28587.646,0.10713821
Canada,2014-06-01,27527.939,0.09908902
Canada,2014-05-01,28771.508,0.07375693
Canada,2014-04-01,30521.887,0.0631023
Canada,2014-03-01,36221.215,0.044286083
Canada,2014-02-01,35546.999,0.037956007
Canada,2014-01-01,39603.422,0.061197467
Canada,2013-12-01,39158.778,0.062030233
Canada,2013-11-01,33641.612,0.07932456
Canada,2013-10-01,29326.207,0.07597977
Canada,2013-09-01,27248.667,0.100233905
Canada,2013-08-01,29698.606,0.09598896
Canada,2013-07-01,29820.38,0.106907
Canada,2013-06-01,28888.708,0.09277399
Canada,2013-05-01,29549.265,0.07183695
Canada,2013-04-01,30703.256,0.06917577
Canada,2013-03-01,35820.377,0.05037843
Canada,2013-02-01,35068.524,0.050080642
Canada,2013-01-01,39056.621,0.05267032
Canada,2012-12-01,35349.374,0.06352182
Canada,2012-11-01,32374.228,0.0720213
Canada,2012-10-01,29657.763,0.10071701
Canada,2012-09-01,26998.864,0.092676185
Canada,2012-08-01,30095.705,0.10277335
Canada,2012-07-01,30472.381,0.097180866
Canada,2012-06-01,27886.301,0.10545779
Canada,2012-05-01,29269.546,0.07447556
Canada,2012-04-01,29914.176,0.06085609
Canada,2012-03-01,32760.625,0.061720666
Canada,2012-02-01,33675.358,0.036421157
Canada,2012-01-01,38120.679,0.065419935
Canada,2011-12-01,36242.212,0.06377366
Canada,2011-11-01,30409.884,0.081446536
Canada,2011-10-01,27791.908,0.0867639
Canada,2011-09-01,26165.111,0.0977752
Canada,2011-08-01,28839.322,0.10678763
Canada,2011-07-01,29520.863,0.110807866
Canada,2011-06-01,27486.104,0.100568116
Canada,2011-05-01,29283.494,0.069213614
Canada,2011-04-01,29964.46,0.061637115
Canada,2011-03-01,34765.761,0.047942482
Canada,2011-02-01,33857.53,0.04881123
Canada,2011-01-01,37750.351,0.058203146
Canada,2010-12-01,35844.63,0.0736526
Canada,2010-11-01,29430.433,0.07952838
Canada,2010-10-01,25212.339,0.08920184
Canada,2010-09-01,22308.637,0.1137474
Canada,2010-08-01,24640.318,0.108732216
Canada,2010-07-01,26557.129,0.1082125
Canada,2010-06-01,25557.587,0.09273976
Canada,2010-05-01,26455.244,0.07407434
Canada,2010-04-01,28243.738,0.054557886
Canada,2010-03-01,32408.928,0.042638343
Canada,2010-02-01,33436.818,0.037282843
Canada,2010-01-01,37885.199,0.05426053
Germany,2023-03-01,2121.2467,0.13577898
Germany,2023-02-01,1571.3986,0.071635306
Germany,2023-01-01,2081.3454,0.10912236
Germany,2022-12-01,1950.7081,0.103913896
Germany,2022-11-01,1848.0426,0.084913366
Germany,2022-10-01,2123.1434,0.09009173
Germany,2022-09-01,1681.1949,0.15663412
Germany,2022-08-01,1580.22,0.0801826
Germany,2022-07-01,1818.7891,0.068681896
Germany,2022-06-01,2073.38,0.10618098
Germany,2022-05-01,2118.7316,0.07931587
Germany,2022-04-01,2036.5402,0.0995467
Germany,2022-03-01,1851.9361,0.024716208
Germany,2022-02-01,2049.9005,0.15031521
Germany,2022-01-01,2101.0127,0.093626566
Germany,2021-12-01,2051.3897,0.108465575
Germany,2021-11-01,1675.8517,0.07875971
Germany,2021-10-01,1694.7523,0.083319314
Germany,2021-09-01,2034.2972,0.06453113
Germany,2021-08-01,2507.859,0.15406868
Germany,2021-07-01,2417.2982,0.16541715
Germany,2021-06-01,2424.9817,0.14944842
Germany,2021-05-01,2356.4867,0.16499013
Germany,2021-04-01,1641.411,0.070091784
Germany,2021-03-01,2091.7822,0.07986766
Germany,2021-02-01,2052.0403,0.09055632
Germany,2021-01-01,1844.8501,0.13638118
Germany,2020-12-01,1825.4781,0.10802406
Germany,2020-11-01,1878.5154,0.03866064
Germany,2020-10-01,2445.6695,0.121828035
Germany,2020-09-01,1930.8316,0.07188599
Germany,2020-08-01,1917.6506,0.12173519
Germany,2020-07-01,2238.4317,0.088218495
Germany,2020-06-01,2165.302,0.14012963
Germany,2020-05-01,2136.0096,0.066745214
Germany,2020-04-01,1968.152,0.027638087
Germany,2020-03-01,2423.6672,0.08194515
Germany,2020-02-01,2308.01,0.19756705
Germany,2020-01-01,1862.2823,0.06632335
Germany,2019-12-01,2033.0684,0.090472065
Germany,2019-11-01,1868.8474,0.09849474
Germany,2019-10-01,2055.9024,0.12942101
Germany,2019-09-01,1846.2101,0.10164844
Germany,2019-08-01,2181.3507,0.102986135
Germany,2019-07-01,2032.7946,0.0838535
Germany,2019-06-01,2370.0803,0.081574604
Germany,2019-05-01,2278.0562,0.12104927
Germany,2019-04-01,2211.6364,0.058389086
Germany,2019-03-01,2561.7273,0.1201058
Germany,2019-02-01,1886.3999,0.055010352
Germany,2019-01-01,2180.9263,0.122489214
Germany,2018-12-01,2096.8078,0.15064158
Germany,2018-11-01,1381.2959,0.037840594
Germany,2018-10-01,1589.1443,0.042059023
Germany,2018-09-01,1717.9573,0.066355936
Germany,2018-08-01,1588.298,0.060123786
Germany,2018-07-01,1748.5111,0.054451607
Germany,2018-06-01,2008.3496,0.07351614
Germany,2018-05-01,2362.1081,0.074817926
Germany,2018-04-01,2420.2099,0.07163348
Germany,2018-03-01,2162.4617,0.086975805
Germany,2018-02-01,2097.324,0.036392372
Germany,2018-01-01,2531.5322,0.14911595
Germany,2017-12-01,2425.979,0.11979607
Germany,2017-11-01,2279.615,0.12457153
Germany,2017-10-01,2163.669,0.111313604
Germany,2017-09-01,2268.022,0.119528286
Germany,2017-08-01,2296.654,0.12216631
Germany,2017-07-01,2131.919,0.16657074
Germany,2017-06-01,2113.535,0.13098726
Germany,2017-05-01,2407.071,0.09123693
Germany,2017-04-01,1985.44,0.07737454
Germany,2017-03-01,2401.398,0.09316436
Germany,2017-02-01,1803.54,0.076713
Germany,2017-01-01,1618.159,0.07647041
Germany,2016-12-01,1670.833,0.041676372
Germany,2016-11-01,1887.458,0.085356854
Germany,2016-10-01,1586.006,0.08976611
Germany,2016-09-01,1812.08,0.056411147
Germany,2016-08-01,2283.043,0.072027266
Germany,2016-07-01,2487.3,0.10967889
Germany,2016-06-01,2599.893,0.1621714
Germany,2016-05-01,2490.714,0.107202925
Germany,2016-04-01,2324.301,0.09787022
Germany,2016-03-01,2140.866,0.074643366
Germany,2016-02-01,2317.373,0.13382559
Germany,2016-01-01,2065.13,0.114385515
Germany,2015-12-01,1810.894,0.058149073
Germany,2015-11-01,1630.679,0.14482906
Germany,2015-10-01,1687.04,0.074889034
Germany,2015-09-01,1628.699,0.09975342
Germany,2015-08-01,1755.547,0.11224156
Germany,2015-07-01,1936.786,0.10022296
Germany,2015-06-01,2439.894,0.09342174
Germany,2015-05-01,2687.533,0.0912185
Germany,2015-04-01,2427.367,0.06637245
Germany,2015-03-01,2173.971,0.08883896
Germany,2015-02-01,1849.949,0.043796957
Germany,2015-01-01,2434.643,0.13430226
Germany,2014-12-01,2040.927,0.11641903
Germany,2014-11-01,2232.006,0.05359472
Germany,2014-10-01,2159.29,0.1001844
Germany,2014-09-01,2249.482,0.0886238
Germany,2014-08-01,2481.773,0.15033285
Germany,2014-07-01,2288.461,0.17881416
Germany,2014-06-01,1818.589,0.08012376
Germany,2014-05-01,2233.834,0.1370794
Germany,2014-04-01,1741.776,0.08461024
Germany,2014-03-01,1841.956,0.03796681
Germany,2014-02-01,1834.653,0.06544082
Germany,2014-01-01,2125.252,0.079113506
Germany,2013-12-01,2111.077,0.068106964
Germany,2013-11-01,2355.108,0.121521294
Germany,2013-10-01,2275.111,0.117403746
Germany,2013-09-01,2171.575,0.13129075
Germany,2013-08-01,1914.849,0.09183605
Germany,2013-07-01,2195.219,0.06817949
Germany,2013-06-01,2543.644,0.1351307
Germany,2013-05-01,2717.361,0.18694513
Germany,2013-04-01,2538.164,0.07274238
Germany,2013-03-01,2512.588,0.059303775
Germany,2013-02-01,2216.483,0.08980871
Germany,2013-01-01,2759.821,0.10020976
Germany,2012-12-01,2203.367,0.14700198
Germany,2012-11-01,2193.905,0.09365825
Germany,2012-10-01,2202.207,0.098493196
Germany,2012-09-01,2138.414,0.083143175
Germany,2012-08-01,2040.664,0.09477161
Germany,2012-07-01,2330.113,0.15217713
Germany,2012-06-01,2614.609,0.14743641
Germany,2012-05-01,2521.647,0.08455767
Germany,2012-04-01,2277.48,0.08343196
Germany,2012-03-01,2255.85,0.031754933
Germany,2012-02-01,2045.658,0.051975608
Germany,2012-01-01,2448.086,0.15452589
Germany,2011-12-01,2101.976,0.17672746
Germany,2011-11-01,1510.311,0.006169781
Germany,2011-10-01,1946.028,0.07251274
Germany,2011-09-01,1818.518,0.08761414
Germany,2011-08-01,2262.781,0.14716001
Germany,2011-07-01,2268.518,0.17978919
Germany,2011-06-01,2061.976,0.1343405
Germany,2011-05-01,1700.528,0.06310747
Germany,2011-04-01,1667.252,0.04406677
Germany,2011-03-01,1762.49,0.03228706
Germany,2011-02-01,1689.053,0.054026987
Germany,2011-01-01,2245.569,0.09289903
Germany,2010-12-01,2276.068,0.13295247
Germany,2010-11-01,2129.431,0.146167
Germany,2010-10-01,2034.872,0.05869267
Germany,2010-09-01,2475.374,0.13200082
Germany,2010-08-01,2746.425,0.23205756
Germany,2010-07-01,2454.337,0.108337335
Germany,2010-06-01,2546.033,0.07298113
Germany,2010-05-01,2298.699,0.15120468
Germany,2010-04-01,1946.794,0.04485166
Germany,2010-03-01,2202.391,0.084032275
Germany,2010-02-01,1780.047,0.090249024
Germany,2010-01-01,2078.53,0.07433426
United States,2023-03-01,21249.7243,0.10557401
United States,2023-02-01,19956.588,0.08934834
United States,2023-01-01,23501.7484,0.109538324
United States,2022-12-01,22536.6848,0.103124596
United States,2022-11-01,19468.463,0.0985462
United States,2022-10-01,15414.364,0.08046575
United States,2022-09-01,18246.4312,0.09292304
United States,2022-08-01,24982.7756,0.11836366
United States,2022-07-01,27368.2729,0.10047429
United States,2022-06-01,28284.4969,0.07697874
United States,2022-05-01,24764.9635,0.10592243
United States,2022-04-01,20501.602,0.097686075
United States,2022-03-01,26527.3122,0.09066524
United States,2022-02-01,24006.6379,0.08888668
United States,2022-01-01,27459.9775,0.07482485
United States,2021-12-01,25998.1906,0.10139874
United States,2021-11-01,20783.4519,0.058342565
United States,2021-10-01,18941.2368,0.117818005
United States,2021-09-01,19231.5829,0.09781997
United States,2021-08-01,23222.4243,0.117813595
United States,2021-07-01,24184.7842,0.11689238
United States,2021-06-01,25827.5927,0.10773865
United States,2021-05-01,23857.1409,0.10670023
United States,2021-04-01,19576.9069,0.08293002
United States,2021-03-01,21644.5928,0.09517569
United States,2021-02-01,22549.34,0.089872375
United States,2021-01-01,26385.1678,0.08683993
United States,2020-12-01,24713.849,0.091206394
United States,2020-11-01,23483.5715,0.08826345
United States,2020-10-01,19903.9548,0.08623153
United States,2020-09-01,21227.9821,0.10097386
United States,2020-08-01,26938.7086,0.08835447
United States,2020-07-01,28844.3552,0.09255629
United States,2020-06-01,31021.9751,0.100289784
United States,2020-05-01,31506.4861,0.09957559
United States,2020-04-01,22261.7514,0.09789056
United States,2020-03-01,23769.7156,0.10581353
United States,2020-02-01,26693.7584,0.100529484
United States,2020-01-01,25981.2313,0.095577426
United States,2019-12-01,24752.7917,0.104437225
United States,2019-11-01,22850.7468,0.09598494
United States,2019-10-01,18598.6302,0.12688571
United States,2019-09-01,19289.9783,0.103618965
United States,2019-08-01,24209.1687,0.09719086
United States,2019-07-01,26700.0776,0.091039866
United States,2019-06-01,29694.5221,0.11154843
United States,2019-05-01,33698.2,0.14744133
United States,2019-04-01,28500.4721,0.119598985
United States,2019-03-01,28229.5333,0.09315702
United States,2019-02-01,24649.2301,0.12876521
United States,2019-01-01,27472.7761,0.096623786
United States,2018-12-01,25185.0578,0.12314311
United States,2018-11-01,23666.2598,0.107440546
United States,2018-10-01,20491.1106,0.12922667
United States,2018-09-01,20765.6416,0.121699736
United States,2018-08-01,24260.2846,0.11869282
United States,2018-07-01,26493.7055,0.09733914
United States,2018-06-01,29782.0401,0.110422134
United States,2018-05-01,32380.3251,0.108687766
United States,2018-04-01,29123.0043,0.098459184
United States,2018-03-01,27392.1691,0.09464845
United States,2018-02-01,27229.5934,0.11285675
United States,2018-01-01,27257.752,0.076370105
United States,2017-12-01,24079.017,0.07931951
United States,2017-11-01,21345.068,0.0696152
United States,2017-10-01,18956.04,0.11062991
United States,2017-09-01,21092.233,0.10085273
United States,2017-08-01,23998.507,0.12991206
United States,2017-07-01,28621.164,0.09240352
United States,2017-06-01,32786.155,0.10654633
United States,2017-05-01,34201.09,0.11809512
United States,2017-04-01,30910.349,0.11746435
United States,2017-03-01,31700.716,0.09062824
United States,2017-02-01,25799.082,0.096099064
United States,2017-01-01,29605.013,0.11372254
United States,2016-12-01,24329.416,0.09951217
United States,2016-11-01,20358.69,0.07372538
United States,2016-10-01,19085.455,0.084151715
United States,2016-09-01,18584.299,0.11001315
United States,2016-08-01,22328.262,0.12267923
United States,2016-07-01,24095.067,0.09723622
United States,2016-06-01,25624.55,0.08786729
United States,2016-05-01,27404.923,0.10492255
United States,2016-04-01,27073.886,0.111429386
United States,2016-03-01,28655.252,0.106068216
United States,2016-02-01,25610.254,0.08301995
United States,2016-01-01,27104.372,0.08535706
United States,2015-12-01,24760.714,0.13437584
United States,2015-11-01,20408.657,0.12935014
United States,2015-10-01,17909.496,0.104715034
United States,2015-09-01,18104.214,0.0918716
United States,2015-08-01,21769.288,0.089165255
United States,2015-07-01,23736.577,0.10006787
United States,2015-06-01,22633.463,0.10801708
United States,2015-05-01,21888.408,0.12855656
United States,2015-04-01,23626.104,0.10515116
United States,2015-03-01,25485.332,0.0793889
United States,2015-02-01,23511.163,0.07662308
United States,2015-01-01,25357.583,0.07284461
United States,2014-12-01,23962.403,0.09818416
United States,2014-11-01,20047.16,0.08588033
United States,2014-10-01,18658.193,0.08684376
United States,2014-09-01,17771.986,0.10065688
United States,2014-08-01,22299.133,0.10747937
United States,2014-07-01,26776.523,0.08814096
United States,2014-06-01,27968.28,0.11899479
United States,2014-05-01,28161.762,0.0912188
United States,2014-04-01,26308.948,0.10283171
United States,2014-03-01,25629.495,0.08743053
United States,2014-02-01,18719.954,0.08708653
United States,2014-01-01,23116.163,0.07389019
United States,2013-12-01,22667.458,0.085740164
United States,2013-11-01,19045.813,0.08315671
United States,2013-10-01,18753.62,0.103919104
United States,2013-09-01,18517.185,0.113021545
United States,2013-08-01,23832.915,0.09173978
United States,2013-07-01,29482.481,0.10328633
United States,2013-06-01,29237.814,0.102601916
United States,2013-05-01,30249.365,0.105767265
United States,2013-04-01,26175.841,0.102109216
United States,2013-03-01,21847.754,0.0697463
United States,2013-02-01,21635.067,0.09331812
United States,2013-01-01,26376.687,0.09237509
United States,2012-12-01,24563.529,0.10254994
United States,2012-11-01,20211.435,0.054585293
United States,2012-10-01,17582.103,0.08207633
United States,2012-09-01,19329.692,0.108059846
United States,2012-08-01,25424.098,0.09109512
United States,2012-07-01,29026.118,0.08825928
United States,2012-06-01,28526.384,0.07827651
United States,2012-05-01,30468.842,0.08808309
United States,2012-04-01,27552.461,0.079607025
United States,2012-03-01,27208.971,0.09666905
United States,2012-02-01,21513.807,0.08410749
United States,2012-01-01,24608.561,0.07849265
United States,2011-12-01,25635.211,0.0963149
United States,2011-11-01,22347.44,0.095827915
United States,2011-10-01,21228.901,0.08750325
United States,2011-09-01,23069.453,0.101592265
United States,2011-08-01,28617.062,0.08929772
United States,2011-07-01,33714.278,0.08400779
United States,2011-06-01,34096.557,0.09146987
United States,2011-05-01,34474.807,0.109957024
United States,2011-04-01,32678.757,0.11963411
United States,2011-03-01,32869.321,0.094934806
United States,2011-02-01,25919.09,0.08981639
United States,2011-01-01,27650.125,0.069668815
United States,2010-12-01,25084.153,0.08801649
United States,2010-11-01,21214.816,0.094247416
United States,2010-10-01,19111.877,0.07762682
United States,2010-09-01,19164.356,0.09619389
United States,2010-08-01,22655.846,0.090097316
United States,2010-07-01,27213.457,0.110180244
United States,2010-06-01,32751.209,0.11383987
United States,2010-05-01,27562.726,0.10364157
United States,2010-04-01,20358.472,0.09113026
United States,2010-03-01,22395.357,0.08983742
United States,2010-02-01,22473.871,0.08407468
United States,2010-01-01,24283.86,0.0904438
Brazil,2023-03-01,42125.0402,0.3118494
Brazil,2023-02-01,37537.4705,0.30949873
Brazil,2023-01-01,40131.3684,0.3106325
Brazil,2022-12-01,37731.9933,0.30112118
Brazil,2022-11-01,33992.2079,0.22574629
Brazil,2022-10-01,30993.7777,0.14316538
Brazil,2022-09-01,30290.4549,0.07005033
Brazil,2022-08-01,31405.4283,0.06287296
Brazil,2022-07-01,32786.2163,0.06612734
Brazil,2022-06-01,33559.8713,0.112931386
Brazil,2022-05-01,35868.4247,0.1654032
Brazil,2022-04-01,38123.1946,0.23830745
Brazil,2022-03-01,41847.7022,0.34758562
Brazil,2022-02-01,37571.0561,0.3149277
Brazil,2022-01-01,38837.4188,0.2990986
Brazil,2021-12-01,33935.3215,0.3579729
Brazil,2021-11-01,28358.386,0.27976432
Brazil,2021-10-01,24587.3351,0.16576084
Brazil,2021-09-01,24028.8141,0.082833245
Brazil,2021-08-01,23607.8547,0.059760373
Brazil,2021-07-01,24900.7274,0.06980006
Brazil,2021-06-01,27176.1833,0.10281585
Brazil,2021-05-01,32043.5903,0.15079372
Brazil,2021-04-01,33937.3901,0.23144329
Brazil,2021-03-01,39249.5453,0.30610362
Brazil,2021-02-01,33847.699,0.34723213
Brazil,2021-01-01,33517.4197,0.2835074
Brazil,2020-12-01,31809.2303,0.23941104
Brazil,2020-11-01,28375.3961,0.22006394
Brazil,2020-10-01,31850.4268,0.114715606
Brazil,2020-09-01,32697.3732,0.059752397
Brazil,2020-08-01,31137.4458,0.05238235
Brazil,2020-07-01,31796.6665,0.059919134
Brazil,2020-06-01,29289.5855,0.11799738
Brazil,2020-05-01,30497.6201,0.19654308
Brazil,2020-04-01,31326.7162,0.2877572
Brazil,2020-03-01,39386.7526,0.31972733
Brazil,2020-02-01,37240.5401,0.3241236
Brazil,2020-01-01,36956.1907,0.2980658
Brazil,2019-12-01,32946.6551,0.25688
Brazil,2019-11-01,30049.3816,0.2103369
Brazil,2019-10-01,30078.6467,0.15343109
Brazil,2019-09-01,27379.1357,0.08275321
Brazil,2019-08-01,26358.4726,0.05592289
Brazil,2019-07-01,28529.7924,0.077582546
Brazil,2019-06-01,30683.0896,0.09456543
Brazil,2019-05-01,35699.5951,0.20962666
Brazil,2019-04-01,36733.6909,0.27507654
Brazil,2019-03-01,38360.9464,0.29433304
Brazil,2019-02-01,35875.5111,0.33402687
Brazil,2019-01-01,41203.3693,0.26080856
Brazil,2018-12-01,37530.7112,0.30203965
Brazil,2018-11-01,33152.3281,0.27609807
Brazil,2018-10-01,31031.8936,0.15996017
Brazil,2018-09-01,25983.4056,0.09865199
Brazil,2018-08-01,26819.4912,0.07816247
Brazil,2018-07-01,27144.1901,0.07444692
Brazil,2018-06-01,27477.7342,0.090616226
Brazil,2018-05-01,31619.0002,0.18316066
Brazil,2018-04-01,34482.026,0.27588716
Brazil,2018-03-01,38701.196,0.28611076
Brazil,2018-02-01,34083.6398,0.37322694
Brazil,2018-01-01,35900.2512,0.282887
Brazil,2017-12-01,32102.777,0.29532546
Brazil,2017-11-01,27164.0,0.2195892
Brazil,2017-10-01,26710.539,0.14318481
Brazil,2017-09-01,25720.502,0.08036752
Brazil,2017-08-01,25934.789,0.05815258
Brazil,2017-07-01,26714.177,0.05444346
Brazil,2017-06-01,29673.356,0.10034256
Brazil,2017-05-01,30848.952,0.17793873
Brazil,2017-04-01,31120.684,0.25845
Brazil,2017-03-01,37331.688,0.3248845
Brazil,2017-02-01,35407.254,0.37025535
Brazil,2017-01-01,37366.838,0.32536304
Brazil,2016-12-01,34086.238,0.30185857
Brazil,2016-11-01,29575.104,0.21280247
Brazil,2016-10-01,29390.029,0.16425242
Brazil,2016-09-01,27885.295,0.12158169
Brazil,2016-08-01,29469.324,0.07416345
Brazil,2016-07-01,29581.697,0.06471875
Brazil,2016-06-01,29182.306,0.09998252
Brazil,2016-05-01,31297.152,0.16420269
Brazil,2016-04-01,33344.371,0.21298543
Brazil,2016-03-01,36394.707,0.33239767
Brazil,2016-02-01,32616.655,0.25111163
Brazil,2016-01-01,33147.458,0.37143257
Brazil,2015-12-01,30978.888,0.20005092
Brazil,2015-11-01,29210.537,0.18400806
Brazil,2015-10-01,30341.364,0.11642464
Brazil,2015-09-01,28171.055,0.07110993
Brazil,2015-08-01,27728.919,0.049634572
Brazil,2015-07-01,27484.029,0.10008692
Brazil,2015-06-01,26147.814,0.10726726
Brazil,2015-05-01,28657.953,0.21078607
Brazil,2015-04-01,29569.51,0.26328096
Brazil,2015-03-01,32357.821,0.34432998
Brazil,2015-02-01,30085.636,0.31907815
Brazil,2015-01-01,34343.374,0.24836849
People's Republic of China,2023-03-01,73945.8791,0.04789204
People's Republic of China,2023-02-01,72451.058,0.03466409
People's Republic of China,2023-01-01,75408.244,0.018349612
People's Republic of China,2022-12-01,80826.5783,0.015956135
People's Republic of China,2022-11-01,84331.8402,0.051383782
People's Republic of China,2022-10-01,107483.8784,0.060567193
People's Republic of China,2022-09-01,107094.4048,0.09444733
People's Republic of China,2022-08-01,132691.4714,0.14045665
People's Republic of China,2022-07-01,158234.4444,0.15209074
People's Republic of China,2022-06-01,160246.7244,0.18894163
People's Republic of China,2022-05-01,131663.694,0.12652887
People's Republic of China,2022-04-01,99304.934,0.080664635
People's Republic of China,2022-03-01,87112.2485,0.0660169
People's Republic of China,2022-02-01,66859.6244,0.04839051
People's Republic of China,2022-01-01,84602.3079,0.03513578
People's Republic of China,2021-12-01,77364.5913,0.019023746
People's Republic of China,2021-11-01,97476.5721,0.041185074
People's Republic of China,2021-10-01,129142.9347,0.084877424
People's Republic of China,2021-09-01,152413.9787,0.1297334
People's Republic of China,2021-08-01,148237.9569,0.18599173
People's Republic of China,2021-07-01,153863.6858,0.1909191
People's Republic of China,2021-06-01,123506.3871,0.16264407
People's Republic of China,2021-05-01,103416.0436,0.13136105
People's Republic of China,2021-04-01,83964.004,0.07583725
People's Republic of China,2021-03-01,72442.0785,0.054088406
People's Republic of China,2021-02-01,56183.3808,0.039632384
People's Republic of China,2021-01-01,83626.8014,0.016398283
People's Republic of China,2020-12-01,83484.9159,0.015348762
People's Republic of China,2020-11-01,100146.9362,0.032993738
People's Republic of China,2020-10-01,147423.37,0.055280708
People's Republic of China,2020-09-01,151291.1439,0.14292765
People's Republic of China,2020-08-01,154033.5486,0.19272724
People's Republic of China,2020-07-01,159857.0612,0.19264582
People's Republic of China,2020-06-01,132782.644,0.18462354
People's Republic of China,2020-05-01,93700.6464,0.112665206
People's Republic of China,2020-04-01,82752.8796,0.06263199
People's Republic of China,2020-03-01,83408.4345,0.06091176
People's Republic of China,2020-02-01,62381.8352,0.043445412
People's Republic of China,2020-01-01,70247.846,0.04374832
People's Republic of China,2019-12-01,75061.0355,0.022509094
People's Republic of China,2019-11-01,89614.3542,0.029049918
People's Republic of China,2019-10-01,117366.1781,0.06149203
People's Republic of China,2019-09-01,123408.209,0.0960684
People's Republic of China,2019-08-01,141435.9687,0.16413134
People's Republic of China,2019-07-01,150154.8488,0.19186394
People's Republic of China,2019-06-01,124129.3194,0.16896029
People's Republic of China,2019-05-01,112001.5539,0.11138488
People's Republic of China,2019-04-01,90586.7606,0.079679795
People's Republic of China,2019-03-01,88336.0221,0.056411438
People's Republic of China,2019-02-01,73640.6666,0.048865985
People's Republic of China,2019-01-01,74077.7032,0.027378544
People's Republic of China,2018-12-01,77078.2829,0.034623675
People's Republic of China,2018-11-01,94459.8385,0.043643452
People's Republic of China,2018-10-01,120446.231,0.04975337
People's Republic of China,2018-09-01,122852.5774,0.122775555
People's Republic of China,2018-08-01,136570.9004,0.19223595
People's Republic of China,2018-07-01,138719.4239,0.19791558
People's Republic of China,2018-06-01,114419.6224,0.15858828
People's Republic of China,2018-05-01,99229.5608,0.10916401
People's Republic of China,2018-04-01,75391.6919,0.07387545
People's Republic of China,2018-03-01,71406.1807,0.053191505
People's Republic of China,2018-02-01,62736.8881,0.023776973
People's Republic of China,2018-01-01,73586.9321,0.03697335
People's Republic of China,2017-12-01,78403.91,0.012551378
People's Republic of China,2017-11-01,93010.754,0.031968858
People's Republic of China,2017-10-01,114915.692,0.07253261
People's Republic of China,2017-09-01,119518.286,0.113138884
People's Republic of China,2017-08-01,124429.85,0.18434913
People's Republic of China,2017-07-01,132793.36,0.17396979
People's Republic of China,2017-06-01,111261.318,0.18479219
People's Republic of China,2017-05-01,94385.14,0.095789894
People's Republic of China,2017-04-01,79202.972,0.07933302
People's Republic of China,2017-03-01,77263.916,0.06441564
People's Republic of China,2017-02-01,62113.711,0.030985432
People's Republic of China,2017-01-01,66162.289,0.02663354
People's Republic of China,2016-12-01,70825.755,0.02174931
People's Republic of China,2016-11-01,87495.121,0.04838803
People's Republic of China,2016-10-01,100723.913,0.08814708
People's Republic of China,2016-09-01,103674.533,0.12488871
People's Republic of China,2016-08-01,120441.891,0.16211547
People's Republic of China,2016-07-01,134628.817,0.18934657
People's Republic of China,2016-06-01,115966.966,0.17644939
People's Republic of China,2016-05-01,101453.402,0.13430755
People's Republic of China,2016-04-01,84784.036,0.11188162
People's Republic of China,2016-03-01,81376.125,0.054382786
People's Republic of China,2016-02-01,60536.694,0.027188387
People's Republic of China,2016-01-01,79808.268,0.044822056
People's Republic of China,2015-12-01,75673.506,0.041589092
People's Republic of China,2015-11-01,86697.823,0.06284831
People's Republic of China,2015-10-01,111103.227,0.063895084
People's Republic of China,2015-09-01,120016.505,0.12167988
People's Republic of China,2015-08-01,116833.191,0.16430922
People's Republic of China,2015-07-01,122686.02,0.14706527
People's Republic of China,2015-06-01,114867.356,0.1801525
People's Republic of China,2015-05-01,85670.227,0.13378613
People's Republic of China,2015-04-01,78410.039,0.07849707
People's Republic of China,2015-03-01,75539.472,0.04801738
People's Republic of China,2015-02-01,52697.801,0.03584749
People's Republic of China,2015-01-01,63130.134,0.029145254
