Country,Date,Value,Daylight,Temperature,GHI,DNI
Australia,2023-03-01,4055.6634,734.69403,26.20416,894897.94,693884.56
Australia,2023-02-01,4466.4801,778.2237,27.318323,997130.1,756902.75
Australia,2023-01-01,4967.0119,812.18915,27.12854,1009778.6,739408.44
Australia,2022-12-01,5179.1465,822.6204,26.521873,1087540.6,817223.8
Australia,2022-11-01,4548.5315,801.6532,23.7848,1055200.0,791037.1
Australia,2022-10-01,3743.253,761.66504,22.402058,940640.4,700759.25
Australia,2022-09-01,3284.6243,716.4961,19.694122,829021.94,618462.1
Australia,2022-08-01,2795.6241,674.0531,16.63146,697857.1,526799.1
Australia,2022-07-01,2270.5421,642.2917,14.095562,581980.25,434738.47
Australia,2022-06-01,1973.1225,633.63513,15.543318,525155.3,379309.7
Australia,2022-05-01,2113.2315,652.2021,18.893305,576300.4,424286.34
Australia,2022-04-01,2642.1752,689.3627,23.362997,735251.56,564101.25
Australia,2022-03-01,3362.6965,734.32874,26.647915,909088.4,704895.2
Australia,2022-02-01,3628.9706,777.8872,27.038109,1025417.4,791554.8
Australia,2022-01-01,4134.8514,811.984,28.35483,1033363.75,765359.56
Australia,2021-12-01,4401.2416,822.667,27.895231,1153945.1,902050.25
Australia,2021-11-01,3337.9144,801.91455,24.204945,1032470.75,767961.1
Australia,2021-10-01,3537.4364,762.014,23.30585,1022083.8,799807.5
Australia,2021-09-01,3010.1989,716.85144,20.13055,893814.1,699264.25
Australia,2021-08-01,2471.103,674.36005,17.326385,718351.1,551418.4
Australia,2021-07-01,1802.5532,642.46576,15.923379,571096.94,422897.9
Australia,2021-06-01,1555.2231,633.5958,15.272861,520512.62,375375.75
Australia,2021-05-01,1926.5601,651.9686,18.507347,630407.75,482013.28
Australia,2021-04-01,2293.9608,689.027,22.205286,787971.4,628316.6
Australia,2021-03-01,2641.762,733.96277,25.225914,863584.25,648196.25
Australia,2021-02-01,2777.2427,777.5493,26.409632,952028.2,699810.2
Australia,2021-01-01,3250.8873,811.77625,27.552252,1054509.1,784853.06
Australia,2020-12-01,3526.8704,822.71075,26.514647,1025230.0,743181.25
Australia,2020-11-01,3339.9187,802.1746,27.496868,1133187.9,888866.4
Australia,2020-10-01,2361.0566,762.3632,23.410889,1014345.56,790613.4
Australia,2020-09-01,2070.6604,717.20776,21.666039,880846.8,683558.75
Australia,2020-08-01,1756.4586,674.6687,17.323368,711087.8,542598.56
Australia,2020-07-01,1385.2464,642.6421,15.217743,597479.06,450089.25
Australia,2020-06-01,1233.7745,633.5588,16.139555,562890.75,427680.62
Australia,2020-05-01,1425.2808,651.7362,17.49746,614777.0,465708.47
Australia,2020-04-01,1632.0286,688.69104,23.502846,757002.1,581385.75
Australia,2020-03-01,1931.9116,733.596,25.825872,889659.75,681082.56
Australia,2020-02-01,1834.7822,777.8825,27.747059,989177.56,747592.4
Australia,2020-01-01,2099.6973,812.40924,28.550821,1055100.4,793271.06
Australia,2019-12-01,2415.9202,822.5535,30.103205,1200403.0,959397.06
Australia,2019-11-01,2176.9039,801.3466,26.2247,1178109.8,943807.5
Australia,2019-10-01,1962.5215,761.26373,24.818813,1073198.8,861137.94
Australia,2019-09-01,1716.7031,716.09143,20.542143,926312.44,738934.6
Australia,2019-08-01,1471.6138,673.70825,16.263567,730915.25,567598.8
Australia,2019-07-01,1151.3218,642.10455,15.836122,586785.4,439900.25
Australia,2019-06-01,944.1228,633.6947,15.36941,552147.6,414959.78
Australia,2019-05-01,1044.3441,652.47943,18.602314,632967.06,489871.16
Australia,2019-04-01,1248.7702,689.7491,23.309282,768330.8,594229.4
Australia,2019-03-01,1393.6882,734.7415,27.146519,888071.9,675921.06
Australia,2019-02-01,1433.2981,778.2607,28.450134,1070032.0,850251.4
Australia,2019-01-01,1670.8628,812.204,30.208422,1117145.0,870433.9
Australia,2018-12-01,1653.8851,822.6019,28.892082,1156807.2,904705.8
Australia,2018-11-01,1522.9941,801.6105,25.820953,1089537.4,835255.3
Australia,2018-10-01,1281.256,761.6151,24.333431,1007243.0,781778.2
Australia,2018-09-01,1171.5461,716.449,20.03318,914258.4,725486.4
Australia,2018-08-01,1000.378,674.0167,16.060139,733128.7,570540.9
Australia,2018-07-01,759.1978,642.2783,15.571009,600229.44,458214.6
Australia,2018-06-01,616.2976,633.65314,15.381179,546890.3,409851.06
Australia,2018-05-01,652.729,652.24304,18.328684,646993.9,501397.75
Australia,2018-04-01,751.6364,689.4105,24.362017,792330.9,632569.0
Australia,2018-03-01,873.777,734.3732,26.213108,896327.9,694179.56
Australia,2018-02-01,910.5824,777.9215,27.526731,967923.1,724291.56
Australia,2018-01-01,1082.3071,811.9972,28.547583,1038830.44,771342.44
Australia,2017-12-01,1009.2816,822.64905,27.898272,1123557.9,863877.2
Australia,2017-11-01,896.3268,801.87415,25.841932,1079828.4,820876.5
Australia,2017-10-01,814.5641,761.96716,23.976461,1004906.9,783959.8
Australia,2017-09-01,794.8036,716.8073,20.578495,900147.56,703661.94
Australia,2017-08-01,678.4241,674.326,17.181183,728915.7,564692.9
Australia,2017-07-01,543.2299,642.4531,15.984823,589469.2,444523.47
Australia,2017-06-01,453.0949,633.61255,15.535667,562174.1,423673.2
Australia,2017-05-01,514.815,652.00684,18.77317,640358.2,500348.62
Australia,2017-04-01,617.8798,689.0716,22.084501,768843.6,600395.25
Australia,2017-03-01,701.761,734.0044,26.766115,894933.3,690429.0
Australia,2017-02-01,788.8354,777.5816,27.313126,990039.56,750739.44
Australia,2017-01-01,870.8673,811.7893,27.81217,997922.0,724294.0
Australia,2016-12-01,830.593,822.69507,27.235266,1043847.8,768222.5
Australia,2016-11-01,843.251,802.13776,25.808928,1140880.9,899335.7
Australia,2016-10-01,834.931,762.31964,22.275913,1033948.1,812082.5
Australia,2016-09-01,620.956,717.16614,18.954012,809270.9,596357.75
Australia,2016-08-01,560.78,674.6358,16.499895,682642.6,508513.88
Australia,2016-07-01,426.889,642.62866,15.277987,533903.5,379978.75
Australia,2016-06-01,298.1961,633.5726,16.252562,490555.38,347364.72
Australia,2016-05-01,366.4515,651.7706,19.900476,585671.25,430406.38
Australia,2016-04-01,465.7322,688.73236,24.06406,769063.3,592772.06
Australia,2016-03-01,540.1927,733.6353,26.772402,864792.5,650613.44
Australia,2016-02-01,620.8583,777.91376,28.14181,1059105.5,836019.75
Australia,2016-01-01,658.0886,812.423,27.84766,1048840.1,772705.9
Australia,2015-12-01,532.3385,822.5405,27.764696,1085141.9,813265.94
Australia,2015-11-01,562.4533,801.31335,26.996054,1115045.6,868143.56
Australia,2015-10-01,527.3194,761.2233,25.622028,1035628.1,811182.4
Australia,2015-09-01,396.8218,716.0518,19.675287,915141.75,727086.44
Australia,2015-08-01,346.6305,673.67584,16.71102,702096.75,531606.8
Australia,2015-07-01,271.3434,642.0897,14.84469,562167.8,412057.62
Australia,2015-06-01,241.2286,633.7053,16.416058,537758.0,393667.78
Australia,2015-05-01,296.4391,652.51013,18.081825,616805.6,469356.34
Australia,2015-04-01,376.7453,689.78735,21.35387,736601.9,552815.5
Australia,2015-03-01,436.9749,734.7791,26.148647,914799.94,712095.56
Australia,2015-02-01,502.2237,778.2922,28.882181,1046487.7,814622.4
Australia,2015-01-01,532.3385,812.2205,27.41983,1011262.94,742419.5
Australia,2014-12-01,632.001,822.5936,27.62104,1111969.9,847205.06
Australia,2014-11-01,561.778,801.5816,26.93223,1106713.8,852956.7
Australia,2014-10-01,495.067,761.5775,24.787481,1078009.5,866429.06
Australia,2014-09-01,372.178,716.41034,20.70759,906837.75,715727.6
Australia,2014-08-01,304.765,673.98315,16.378347,732337.56,569287.44
Australia,2014-07-01,234.542,642.25995,14.717737,581709.9,433620.06
Australia,2014-06-01,164.257,633.65894,15.511098,546235.44,403428.88
Australia,2014-05-01,201.257,652.2695,19.712746,592767.75,433582.53
Australia,2014-04-01,276.378,689.4462,22.998384,742303.1,569139.2
Australia,2014-03-01,384.014,734.41016,26.231152,904772.8,697626.3
Australia,2014-02-01,400.832,777.9545,26.828371,942397.5,690683.56
Australia,2014-01-01,507.347,812.01764,28.517529,1056027.2,797536.44
Australia,2013-12-01,504.544,822.6458,27.561007,1125416.8,858623.1
Australia,2013-11-01,448.483,801.8494,25.74895,1097029.1,839540.0
Australia,2013-10-01,395.226,761.9316,24.197649,1063924.8,850120.7
Australia,2013-09-01,297.12,716.7686,22.047981,893993.06,699935.9
Australia,2013-08-01,243.302,674.2902,17.862158,738979.8,578423.3
Australia,2013-07-01,187.242,642.4305,15.7920065,572435.6,422352.3
Australia,2013-06-01,142.383,633.6133,15.735216,487890.72,336788.7
Australia,2013-05-01,174.456,652.02936,19.115683,580365.06,424158.5
Australia,2013-04-01,239.573,689.1055,23.286547,760263.3,587108.7
Australia,2013-03-01,332.876,734.04175,26.049658,874416.25,663431.25
Australia,2013-02-01,347.454,777.6172,27.743711,997449.1,753343.8
Australia,2013-01-01,439.785,811.81433,29.368647,1110748.9,865016.4
Australia,2012-12-01,437.355,822.69696,27.855816,1106846.4,833590.5
Australia,2012-11-01,388.76,802.1165,26.491974,1109948.0,858449.94
Australia,2012-10-01,342.595,762.2852,23.682077,1058704.8,840608.75
Australia,2012-09-01,257.553,717.12646,20.435884,909726.7,718491.5
Australia,2012-08-01,210.902,674.59705,16.514227,741366.2,575600.0
Australia,2012-07-01,162.307,642.6014,13.908126,582330.0,435681.78
Australia,2012-06-01,95.236,633.56854,14.497822,537877.7,400318.12
Australia,2012-05-01,116.689,651.79016,17.634235,636587.3,496699.34
Australia,2012-04-01,160.244,688.7655,22.06103,764286.1,591621.25
Australia,2012-03-01,222.651,733.67395,24.101645,809972.6,585649.4
Australia,2012-02-01,232.402,777.95245,26.652903,1013971.94,771016.0
Australia,2012-01-01,294.16,812.45215,27.290775,1024896.94,752085.94
Australia,2011-12-01,292.535,822.54614,26.392263,1073736.4,791939.06
Australia,2011-11-01,260.031,801.2939,25.170015,1054964.9,793097.06
Australia,2011-10-01,229.152,761.18866,22.951582,964176.9,716777.8
Australia,2011-09-01,172.27,716.0101,19.46854,907977.6,718165.94
Australia,2011-08-01,141.067,673.6337,17.089062,720182.5,555734.94
Australia,2011-07-01,108.563,642.05853,14.818278,554639.0,402650.1
Australia,2011-06-01,57.019,633.69824,14.475579,541681.1,402879.16
Australia,2011-05-01,69.863,652.52844,16.595043,615446.06,459673.97
Australia,2011-04-01,95.94,689.82117,21.328388,750365.5,581594.94
Australia,2011-03-01,133.304,734.82,23.888203,745820.44,507850.06
Australia,2011-02-01,139.142,778.3345,26.275742,880404.9,607244.6
Australia,2011-01-01,176.116,812.2541,28.22339,1033290.75,765702.9
Australia,2010-12-01,175.143,822.60266,26.227499,1034758.7,749916.8
Australia,2010-11-01,155.683,801.56323,24.46406,1038291.1,767040.5
Australia,2010-10-01,137.196,761.5418,22.006033,960190.9,719186.3
Australia,2010-09-01,103.14,716.366,19.071272,789388.0,571846.7
Australia,2010-08-01,84.458,673.9374,15.971828,671575.1,497413.28
Australia,2010-07-01,64.998,642.22485,15.222301,524219.62,367391.9
Australia,2010-06-01,15.934,633.6492,15.457548,534330.25,390655.72
Australia,2010-05-01,19.523,652.28723,18.45367,593292.4,445716.78
Australia,2010-04-01,26.811,689.48145,23.21396,720994.44,539130.44
Australia,2010-03-01,37.252,734.45386,25.565712,885022.7,675000.75
Australia,2010-02-01,38.884,778.00037,27.760725,965296.1,715466.2
Australia,2010-01-01,49.216,812.05475,28.175785,1066227.0,806248.5
Canada,2023-03-01,942.6444,711.4999,-14.699362,448741.06,254522.81
Canada,2023-02-01,540.7314,559.2054,-22.037216,221882.42,121523.914
Canada,2023-01-01,290.1393,424.11322,-17.66913,91285.72,39892.754
Canada,2022-12-01,221.601,372.75644,-18.01145,64273.56,25131.5
Canada,2022-11-01,349.7727,463.37842,-11.0864525,104287.08,43819.234
Canada,2022-10-01,604.0233,611.5991,0.58983934,225461.83,123771.36
Canada,2022-09-01,636.1801,767.54254,7.8337355,413478.84,253193.11
Canada,2022-08-01,655.5489,922.4237,13.037328,643446.8,409773.1
Canada,2022-07-01,755.656,1064.8503,13.972533,808612.25,509560.06
Canada,2022-06-01,666.7408,1118.7429,10.22751,905270.2,565320.1
Canada,2022-05-01,651.4978,1021.13586,2.417205,845906.94,467947.03
Canada,2022-04-01,539.8031,870.82086,-7.326632,696545.1,389410.84
Canada,2022-03-01,412.8168,712.75446,-13.798636,430964.97,233611.62
Canada,2022-02-01,263.6989,560.43256,-21.860867,223636.12,124899.04
Canada,2022-01-01,196.1556,425.0294,-22.1344,100777.57,49578.17
Canada,2021-12-01,168.1453,372.5566,-18.732862,67891.85,28649.533
Canada,2021-11-01,348.6948,462.325,-8.5815325,100288.06,44246.855
Canada,2021-10-01,430.0737,610.3756,2.0892773,211475.55,114490.34
Canada,2021-09-01,664.3873,766.30865,7.1669803,372355.47,203244.64
Canada,2021-08-01,661.1574,921.2163,12.102656,584829.9,344813.9
Canada,2021-07-01,615.5674,1063.9062,13.396613,804495.9,506104.3
Canada,2021-06-01,656.5626,1118.9633,10.405382,872226.56,512919.88
Canada,2021-05-01,718.8634,1022.21436,2.0961328,850718.5,454146.53
Canada,2021-04-01,637.0499,872.05774,-5.378486,690159.06,387150.4
Canada,2021-03-01,579.2719,714.0115,-14.023521,446546.78,259958.28
Canada,2021-02-01,310.947,561.66394,-20.738228,225085.67,122818.016
Canada,2021-01-01,193.2792,425.9551,-15.966349,94928.39,42132.496
Canada,2020-12-01,122.026,372.37003,-14.825645,62580.42,24935.76
Canada,2020-11-01,230.7225,461.27475,-10.786666,102112.83,42503.066
Canada,2020-10-01,282.8088,609.1508,-2.0440958,210131.31,98149.06
Canada,2020-09-01,444.8446,765.0721,6.198348,391212.06,218835.56
Canada,2020-08-01,489.202,920.0047,12.331238,607049.3,373503.25
Canada,2020-07-01,568.0543,1062.9534,14.190443,779461.06,479084.25
Canada,2020-06-01,551.6287,1119.1694,9.704541,855071.9,492105.56
Canada,2020-05-01,476.1989,1023.2907,1.5183055,869617.2,470678.94
Canada,2020-04-01,402.2332,873.2963,-7.108104,719915.2,402405.66
Canada,2020-03-01,354.6989,715.2711,-15.387945,450587.4,256230.97
Canada,2020-02-01,200.4992,560.3959,-19.54151,222906.61,120710.94
Canada,2020-01-01,114.6828,423.12842,-20.12531,92402.27,40319.684
Canada,2019-12-01,115.3456,373.05637,-17.059467,66510.69,27911.107
Canada,2019-11-01,158.2142,464.6135,-10.35606,103532.84,41605.18
Canada,2019-10-01,252.9416,613.00555,-0.4758077,209053.67,101603.43
Canada,2019-09-01,398.5468,768.9483,6.7787414,378411.8,206337.52
Canada,2019-08-01,516.2714,923.78204,11.58031,585072.9,346188.03
Canada,2019-07-01,558.3915,1065.8666,13.168305,778120.06,473871.72
Canada,2019-06-01,520.6486,1118.3851,9.5219755,840040.75,483448.84
Canada,2019-05-01,465.7299,1019.85516,2.8394997,849486.2,458839.06
Canada,2019-04-01,391.2399,869.3983,-6.3548985,691546.5,388058.72
Canada,2019-03-01,352.7881,711.33624,-12.543644,449286.9,263369.12
Canada,2019-02-01,167.4302,559.0698,-22.135952,228354.48,128893.85
Canada,2019-01-01,141.4522,424.04715,-21.472013,97141.77,45649.027
Canada,2018-12-01,104.2162,372.84735,-15.659033,67416.63,28207.158
Canada,2018-11-01,142.415,463.55182,-12.07179,99299.74,37103.27
Canada,2018-10-01,241.5631,611.7744,-3.0596983,216047.06,101180.0
Canada,2018-09-01,368.46,767.70636,3.9808865,397578.9,212788.53
Canada,2018-08-01,537.7155,922.56696,11.299496,595558.44,348725.53
Canada,2018-07-01,516.8446,1064.9211,13.424566,816017.6,512486.75
Canada,2018-06-01,491.2124,1118.6198,9.053438,881804.94,512008.34
Canada,2018-05-01,472.4121,1020.9439,2.0301611,901421.56,512396.06
Canada,2018-04-01,330.1743,870.6438,-8.194943,730748.0,429309.44
Canada,2018-03-01,311.3962,712.6012,-13.484833,438406.75,241120.61
Canada,2018-02-01,143.6931,560.3073,-21.139612,220795.61,117995.96
Canada,2018-01-01,98.8976,424.97058,-20.21078,96065.23,45349.26
Canada,2017-12-01,89.986,372.64493,-17.138174,71398.984,32259.617
Canada,2017-11-01,155.881,462.48926,-11.821408,103573.805,41323.258
Canada,2017-10-01,296.759,610.5405,-0.8769638,212724.84,106882.72
Canada,2017-09-01,430.678,766.4622,7.1101456,399624.66,235078.34
Canada,2017-08-01,453.059,921.35046,12.519649,645890.3,416522.12
Canada,2017-07-01,447.688,1063.9731,13.091744,838133.94,541985.56
Canada,2017-06-01,399.778,1118.8492,9.606585,843915.0,486881.22
Canada,2017-05-01,363.028,1022.0349,3.3753269,836097.6,463532.84
Canada,2017-04-01,332.995,871.89215,-6.4554253,690587.7,379983.75
Canada,2017-03-01,312.181,713.868,-15.973402,441175.4,249826.7
Canada,2017-02-01,162.481,561.5458,-18.286585,214990.16,110252.26
Canada,2017-01-01,93.487,425.89694,-17.473345,95563.52,44157.312
Canada,2016-12-01,97.59,372.44736,-18.480232,68906.51,29211.879
Canada,2016-11-01,230.383,461.42523,-6.7234244,95621.33,40576.844
Canada,2016-10-01,305.992,609.304,-1.7397953,194664.03,85879.46
Canada,2016-09-01,417.993,765.2167,6.776204,384329.84,215766.94
Canada,2016-08-01,496.918,920.1338,12.543785,607185.44,371555.5
Canada,2016-07-01,502.229,1063.0245,13.683185,775248.75,469010.56
Canada,2016-06-01,530.325,1119.0754,10.205093,856018.56,506626.44
Canada,2016-05-01,502.6,1023.12854,3.9781094,831512.0,459280.84
Canada,2016-04-01,345.13,873.14307,-6.9330287,710019.8,411014.12
Canada,2016-03-01,241.97,715.1358,-13.300782,442804.0,254057.67
Canada,2016-02-01,180.096,560.2816,-18.480892,214807.0,114356.53
Canada,2016-01-01,140.773,423.06708,-17.315928,93475.836,41138.56
Canada,2015-12-01,94.103,373.11945,-15.785471,61282.473,23535.344
Canada,2015-11-01,191.329,464.74802,-9.283332,100644.26,43705.11
Canada,2015-10-01,233.32,613.1472,-1.3696834,219491.88,110860.375
Canada,2015-09-01,305.453,769.08606,6.7160244,399936.66,227078.19
Canada,2015-08-01,348.772,923.9099,11.928662,589957.2,347664.16
Canada,2015-07-01,350.146,1065.9469,13.119752,753055.4,449055.66
Canada,2015-06-01,318.221,1118.3152,9.771717,879048.1,519544.12
Canada,2015-05-01,322.617,1019.7125,2.9760401,898904.7,536351.44
Canada,2015-04-01,282.796,869.25714,-6.101937,701438.4,408343.12
Canada,2015-03-01,134.433,711.2069,-14.521533,450475.78,265605.44
Canada,2015-02-01,160.157,558.9548,-22.746859,228623.06,128317.23
Canada,2015-01-01,124.655,423.97324,-21.052004,97664.555,46488.414
Canada,2014-12-01,59.077,372.8867,-16.539711,65898.43,28073.47
Canada,2014-11-01,94.589,463.66846,-12.535186,106342.25,46498.53
Canada,2014-10-01,162.456,611.9062,-0.48348424,197484.6,91899.92
Canada,2014-09-01,213.678,767.8406,5.5160336,402597.75,222866.9
Canada,2014-08-01,250.843,922.69904,12.065401,613530.3,369162.56
Canada,2014-07-01,250.383,1065.0206,13.577814,799600.4,500279.34
Canada,2014-06-01,265.56,1118.5847,10.011041,895627.8,542108.44
Canada,2014-05-01,219.196,1020.8216,2.8087637,830799.7,450316.5
Canada,2014-04-01,207.267,870.51227,-7.515271,699447.3,392993.47
Canada,2014-03-01,183.893,712.4742,-17.474634,467002.78,282089.7
Canada,2014-02-01,111.977,560.1868,-21.669409,232218.05,128827.445
Canada,2014-01-01,80.08,424.87943,-20.279957,98805.375,46074.254
Canada,2013-12-01,42.979,372.65762,-21.850399,70006.01,30060.42
Canada,2013-11-01,76.778,462.58868,-11.799764,102287.78,42249.418
Canada,2013-10-01,138.97,610.66486,-0.088386156,208075.14,103557.6
Canada,2013-09-01,167.592,766.5964,6.787171,391978.7,225462.44
Canada,2013-08-01,185.995,921.4909,12.078984,635459.94,395522.56
Canada,2013-07-01,182.061,1064.0961,12.737948,805998.5,498605.62
Canada,2013-06-01,180.372,1118.8512,10.195697,908901.2,558795.44
Canada,2013-05-01,181.77,1021.9312,2.0194438,873227.8,492435.3
Canada,2013-04-01,116.72,871.76733,-7.6770906,696913.0,366695.72
Canada,2013-03-01,101.577,713.7398,-13.605702,432943.72,229664.05
Canada,2013-02-01,60.677,561.4164,-18.786457,215177.6,108588.9
Canada,2013-01-01,48.509,425.78568,-21.16816,97315.9,44884.91
Canada,2012-12-01,25.833,372.43338,-18.171926,63643.562,24040.982
Canada,2012-11-01,37.715,461.51004,-11.650535,99167.03,39977.316
Canada,2012-10-01,54.882,609.42426,-1.4960343,198839.3,92705.3
Canada,2012-09-01,95.27,765.3541,7.76735,412500.3,247516.83
Canada,2012-08-01,101.985,920.2858,12.640486,607537.44,370339.06
Canada,2012-07-01,112.423,1063.1729,14.370451,809690.5,516179.44
Canada,2012-06-01,111.648,1119.1127,10.779914,836283.06,483953.28
Canada,2012-05-01,100.702,1023.0398,3.4096146,837991.56,453645.66
Canada,2012-04-01,90.871,873.0212,-5.485651,695109.7,396557.88
Canada,2012-03-01,67.929,715.00323,-13.991346,430071.6,239038.5
Canada,2012-02-01,40.791,560.1407,-16.616436,222302.22,120156.445
Canada,2012-01-01,31.95,422.93625,-20.294989,94657.87,43804.082
Canada,2011-12-01,48.497,373.0861,-15.560491,67109.81,28984.1
Canada,2011-11-01,68.025,464.82462,-9.9259,104281.555,45365.977
Canada,2011-10-01,96.053,613.268,-0.24165246,212080.39,105516.87
Canada,2011-09-01,68.589,769.2306,7.446622,416039.44,245850.64
Canada,2011-08-01,66.561,924.076,12.34022,605720.6,363162.25
Canada,2011-07-01,66.561,1066.1188,13.705764,822816.4,521768.1
Canada,2011-06-01,44.162,1118.376,9.31905,860285.56,493804.38
Canada,2011-05-01,35.557,1019.6309,2.3054407,862653.7,490499.5
Canada,2011-04-01,28.411,869.1334,-7.8989334,715339.0,409540.06
Canada,2011-03-01,18.85,711.0667,-15.740239,443708.56,252380.34
Canada,2011-02-01,17.359,558.8007,-20.180262,221056.44,118791.66
Canada,2011-01-01,7.373,423.823,-19.731121,97689.59,45035.176
Canada,2010-12-01,7.328,372.83508,-15.014344,61898.824,22557.682
Canada,2010-11-01,12.965,463.74023,-8.159672,104544.11,47935.25
Canada,2010-10-01,14.618,612.03064,0.2880432,217530.52,113050.43
Canada,2010-09-01,28.525,767.99396,6.079869,373505.8,198727.14
Canada,2010-08-01,33.648,922.8792,12.4104185,598671.8,356105.1
Canada,2010-07-01,35.355,1065.2136,13.863353,805140.8,504697.6
Canada,2010-06-01,38.111,1118.666,9.4646015,889189.06,528498.1
Canada,2010-05-01,33.987,1020.7428,2.8541725,837849.1,453268.97
Canada,2010-04-01,24.184,870.38336,-1.7075092,679926.8,392374.0
Canada,2010-03-01,15.724,712.3246,-10.063501,435876.56,249272.05
Canada,2010-02-01,6.657,560.01996,-14.942983,207059.34,104362.81
Canada,2010-01-01,1.898,424.71344,-18.478127,94387.07,43452.105
Germany,2023-03-01,3958.9156,713.2729,5.751395,378630.4,181297.77
Germany,2023-02-01,2482.8218,599.8446,3.3289177,238932.11,126700.96
Germany,2023-01-01,901.8999,507.7989,3.6920617,107977.336,36078.707
Germany,2022-12-01,691.2992,477.55484,1.9119427,90383.53,33390.67
Germany,2022-11-01,1792.467,534.89905,6.498527,159097.67,74527.7
Germany,2022-10-01,3746.4261,640.6001,12.650295,305490.9,166157.38
Germany,2022-09-01,5048.7507,757.9515,13.499407,472339.6,265926.2
Germany,2022-08-01,7646.789,871.7597,20.334692,742258.7,490968.47
Germany,2022-07-01,8205.8725,963.4766,19.18968,842199.4,532257.9
Germany,2022-06-01,8111.4328,990.7821,18.33581,908309.3,579465.75
Germany,2022-05-01,7705.3417,935.90704,14.458397,822190.1,501282.0
Germany,2022-04-01,5884.5427,832.4999,7.797587,643696.6,380245.06
Germany,2022-03-01,5727.7727,714.22095,5.223648,530012.6,357530.9
Germany,2022-02-01,2328.885,600.7328,4.5593505,231800.55,123018.8
Germany,2022-01-01,1005.7837,508.37357,2.893305,112939.3,45036.273
Germany,2021-12-01,744.1855,477.4315,2.6772273,80179.23,27302.922
Germany,2021-11-01,1154.9985,534.1926,5.095975,125994.35,47581.91
Germany,2021-10-01,3341.2794,639.6919,9.8402405,288079.62,155063.36
Germany,2021-09-01,4984.5316,757.0216,15.325269,491040.6,286127.7
Germany,2021-08-01,5482.2293,870.9089,16.512735,608607.2,339488.06
Germany,2021-07-01,6481.4021,962.9482,18.474712,734459.8,411649.2
Germany,2021-06-01,7395.5792,990.89557,18.993822,872099.5,544197.0
Germany,2021-05-01,6143.3077,936.583,10.763287,749554.3,411075.4
Germany,2021-04-01,5692.83,833.4034,6.1323647,682016.75,404967.3
Germany,2021-03-01,4263.0117,715.17084,4.851841,454310.9,264105.5
Germany,2021-02-01,2056.8984,601.6247,1.8164542,261876.83,139898.78
Germany,2021-01-01,632.7465,508.95505,0.75875866,109978.36,35825.18
Germany,2020-12-01,728.8914,477.31573,3.202227,85573.68,27500.59
Germany,2020-11-01,1615.564,533.4891,6.3704224,158884.28,81524.13
Germany,2020-10-01,2342.5194,638.7831,10.341879,240369.97,108720.59
Germany,2020-09-01,4918.3229,756.08954,15.0359,519427.1,330070.06
Germany,2020-08-01,5789.5078,870.0544,20.088333,697954.25,443264.7
Germany,2020-07-01,6690.7002,962.4134,17.78595,777385.8,475059.1
Germany,2020-06-01,6047.9593,991.00256,16.993958,802205.25,479751.97
Germany,2020-05-01,6512.5913,937.2564,12.007342,817074.94,492536.4
Germany,2020-04-01,6708.1239,834.3077,10.460237,805756.6,579593.5
Germany,2020-03-01,4259.1263,716.1228,5.382919,466521.66,289806.7
Germany,2020-02-01,1758.8256,600.73224,5.36964,216963.72,98771.34
Germany,2020-01-01,1152.868,507.1819,3.6281333,122541.45,55265.42
Germany,2019-12-01,976.0016,477.7355,3.9212747,99880.4,42429.297
Germany,2019-11-01,1015.7395,535.7278,5.399976,140620.1,55995.984
Germany,2019-10-01,2570.3636,641.64435,10.99188,277618.56,143270.1
Germany,2019-09-01,4102.6958,759.0106,14.256522,480178.1,285771.94
Germany,2019-08-01,5535.1986,872.71594,19.210855,712208.5,454267.78
Germany,2019-07-01,6017.8687,964.045,18.994295,826547.44,510007.2
Germany,2019-06-01,6775.7965,990.6065,19.852205,961225.7,648956.1
Germany,2019-05-01,5262.8486,935.1038,11.0941725,733546.75,404631.97
Germany,2019-04-01,5377.2163,831.4604,9.713699,717436.3,477917.16
Germany,2019-03-01,3165.4629,713.14954,6.680267,389336.38,205399.88
Germany,2019-02-01,1929.7112,599.74664,4.1365304,283955.25,171922.1
Germany,2019-01-01,784.0966,507.75714,0.83626187,117781.49,47478.246
Germany,2018-12-01,545.2264,477.60666,4.04444,79787.555,28448.15
Germany,2018-11-01,1214.9969,535.0148,5.418427,168370.61,83072.695
Germany,2018-10-01,2849.7537,640.73004,10.971083,323957.2,198573.08
Germany,2018-09-01,4222.5065,758.0748,15.326801,525770.0,332452.66
Germany,2018-08-01,5378.4603,871.86066,20.069008,736668.8,488802.22
Germany,2018-07-01,6397.8769,963.51733,20.456964,924057.5,637908.2
Germany,2018-06-01,5535.2936,990.72705,17.818432,805186.0,461438.62
Germany,2018-05-01,6150.6337,935.78784,16.124903,896440.6,600800.1
Germany,2018-04-01,5014.0535,832.37085,12.328486,730016.0,489585.78
Germany,2018-03-01,2717.8292,714.10535,2.4252896,407116.7,210774.7
Germany,2018-02-01,1845.0979,600.6422,-1.6565071,284807.3,149935.47
Germany,2018-01-01,735.2715,508.33627,3.8134365,109183.59,39348.18
Germany,2017-12-01,553.053,477.4817,2.8596964,85439.53,30703.568
Germany,2017-11-01,979.865,534.30206,5.2991767,124559.164,46715.508
Germany,2017-10-01,2384.539,639.8141,11.323576,264125.84,139215.02
Germany,2017-09-01,3445.559,757.13727,12.997777,451059.0,242508.38
Germany,2017-08-01,5149.803,871.00354,17.994036,669182.3,410482.16
Germany,2017-07-01,5466.405,962.9867,18.13819,740093.6,433730.8
Germany,2017-06-01,5984.391,990.8447,17.835745,840666.25,502505.66
Germany,2017-05-01,5126.759,936.4718,14.180213,778102.7,464607.06
Germany,2017-04-01,4312.208,833.28284,7.534318,637120.56,357176.25
Germany,2017-03-01,3517.696,715.06256,7.283134,436062.75,253089.39
Germany,2017-02-01,1612.069,601.53925,2.9912016,239312.94,123229.46
Germany,2017-01-01,868.653,508.91815,-1.821138,144046.3,68448.78
Germany,2016-12-01,874.699,477.3597,2.398803,103088.61,49975.297
Germany,2016-11-01,1121.638,533.58923,4.0189223,148809.75,66791.07
Germany,2016-10-01,1845.595,638.8966,8.664434,234524.5,98888.164
Germany,2016-09-01,4232.67,756.1985,17.082933,540317.2,350260.94
Germany,2016-08-01,5190.674,870.14545,17.891405,700949.94,456607.3
Germany,2016-07-01,5435.629,962.4542,18.716778,786877.7,467001.9
Germany,2016-06-01,5435.629,990.96045,17.076565,793165.56,451213.94
Germany,2016-05-01,5189.682,937.156,13.789707,799565.9,486966.6
Germany,2016-04-01,4128.54,834.19604,8.005209,663360.4,382565.84
Germany,2016-03-01,2591.37,716.0206,4.128181,389635.47,187409.19
Germany,2016-02-01,1349.734,600.6496,3.4152534,218572.8,99249.81
Germany,2016-01-01,702.139,507.14325,1.1556185,119692.53,47648.395
Germany,2015-12-01,950.214,477.7717,6.645532,101925.31,47454.45
Germany,2015-11-01,1268.631,535.8178,7.664094,152927.19,74605.53
Germany,2015-10-01,2172.493,641.7495,8.622784,263669.66,136706.77
Germany,2015-09-01,3599.325,759.1143,13.160696,454590.3,248320.56
Germany,2015-08-01,5140.022,872.80585,19.949266,720445.2,476082.1
Germany,2015-07-01,5475.569,964.0903,19.44988,831297.94,531487.7
Germany,2015-06-01,5066.464,990.57434,15.866259,797335.9,450138.06
Germany,2015-05-01,4907.255,935.0147,12.415026,750366.2,408699.4
Germany,2015-04-01,4931.438,831.35736,8.543923,717245.7,455856.4
Germany,2015-03-01,3115.653,713.0519,5.3107486,437601.47,247814.7
Germany,2015-02-01,1493.337,599.6634,0.9409673,265182.38,138945.73
Germany,2015-01-01,605.598,507.71072,2.3207161,111963.84,39481.125
Germany,2014-12-01,436.611,477.62964,2.8717868,77404.055,24615.61
Germany,2014-11-01,1068.303,535.0929,6.6910777,153990.58,69799.19
Germany,2014-10-01,2160.346,640.8279,12.074209,275853.4,137615.48
Germany,2014-09-01,3181.169,758.17596,15.124353,452901.8,245493.23
Germany,2014-08-01,4290.759,871.9537,16.143192,659138.4,385179.25
Germany,2014-07-01,4858.456,963.573,19.448133,809465.2,501810.03
Germany,2014-06-01,5311.582,990.7099,16.237215,860383.06,516202.88
Germany,2014-05-01,4505.452,935.7112,12.519526,731319.7,405063.28
Germany,2014-04-01,4021.361,832.27484,10.872579,650796.5,386144.56
Germany,2014-03-01,3621.908,714.0094,7.100809,487863.28,306870.62
Germany,2014-02-01,1788.762,600.555,4.4570847,260427.6,130816.23
Germany,2014-01-01,811.291,508.27908,2.2108812,121894.04,46598.0
Germany,2013-12-01,812.104,477.48996,3.723845,97677.3,40006.344
Germany,2013-11-01,837.286,534.36884,4.8427725,124171.305,48263.062
Germany,2013-10-01,1998.784,639.90643,10.829794,275671.22,139584.23
Germany,2013-09-01,2779.411,757.2384,13.46268,417665.0,222599.97
Germany,2013-08-01,4348.01,871.10254,18.15487,694710.9,428665.97
Germany,2013-07-01,5381.502,963.05524,19.600193,890250.4,583102.75
Germany,2013-06-01,4525.33,990.8434,15.748884,798241.2,461478.06
Germany,2013-05-01,3564.235,936.40656,11.868861,646094.2,331551.75
Germany,2013-04-01,3314.518,833.19165,8.126706,592620.0,311421.4
Germany,2013-03-01,2402.737,714.9657,0.14831933,438692.47,213407.44
Germany,2013-02-01,682.0,601.44543,-0.5746183,216775.5,76630.695
Germany,2013-01-01,364.083,508.8484,0.33835086,108865.625,34607.637
Germany,2012-12-01,335.922,477.35327,1.6354725,93347.26,32018.309
Germany,2012-11-01,768.362,533.6465,5.3875017,139542.31,56756.598
Germany,2012-10-01,1707.051,638.98596,8.952342,284230.22,150206.9
Germany,2012-09-01,2754.559,756.30225,13.877785,488406.34,276711.34
Germany,2012-08-01,3669.591,870.25275,18.590008,727414.5,468667.34
Germany,2012-07-01,3546.578,962.53674,17.500738,776247.75,459263.16
Germany,2012-06-01,3520.083,990.97406,15.535135,736375.1,383314.94
Germany,2012-05-01,3926.974,937.09985,14.261468,835022.1,523079.72
Germany,2012-04-01,2431.885,834.107,8.230396,637723.4,347764.53
Germany,2012-03-01,2211.407,715.9204,7.0784283,455516.4,278318.6
Germany,2012-02-01,961.399,600.54755,-2.2752964,236270.97,117719.37
Germany,2012-01-01,546.19,507.06174,2.071597,119755.57,51164.26
Germany,2011-12-01,373.975,477.75467,4.0394254,81958.96,27650.373
Germany,2011-11-01,883.659,535.86993,4.7615366,185368.81,98775.16
Germany,2011-10-01,1590.172,641.8395,9.637959,318655.28,186299.97
Germany,2011-09-01,2074.993,759.2234,15.3897,496492.47,293742.3
Germany,2011-08-01,2339.159,872.92267,17.844734,652306.06,380732.38
Germany,2011-07-01,2212.774,964.1849,16.265923,682086.56,370354.47
Germany,2011-06-01,2259.391,990.59766,16.637856,810494.6,480141.34
Germany,2011-05-01,2695.523,934.9624,13.986751,869416.7,568271.5
Germany,2011-04-01,2333.979,831.26666,11.711161,734657.4,491744.72
Germany,2011-03-01,1733.132,712.94586,5.036342,481070.0,304661.7
Germany,2011-02-01,731.376,599.5519,1.0391456,244325.23,124157.41
Germany,2011-01-01,370.867,507.617,1.0863583,120322.26,48270.77
Germany,2010-12-01,711.282,477.6026,-3.4474976,95710.77,26150.168
Germany,2010-11-01,348.89,535.14197,4.892989,126283.59,44850.21
Germany,2010-10-01,847.591,640.9206,8.366607,293227.28,154118.48
Germany,2010-09-01,1099.393,758.29175,12.630037,433455.9,235789.25
Germany,2010-08-01,1211.967,872.0805,16.900263,576164.06,310654.8
Germany,2010-07-01,1568.688,963.6794,20.556143,876738.1,582733.1
Germany,2010-06-01,1489.131,990.74176,16.443413,856004.7,530187.7
Germany,2010-05-01,1101.996,935.66046,10.510657,606279.9,285039.22
Germany,2010-04-01,1366.063,832.18036,8.848589,725648.5,465178.03
Germany,2010-03-01,1026.954,713.89624,4.317392,429648.0,224533.28
Germany,2010-02-01,533.211,600.43414,-0.34799996,231205.08,88738.74
Germany,2010-01-01,423.832,508.17545,-3.4882584,129072.89,43339.637
United States,2023-03-01,16000.6755,716.6682,2.5242498,626652.6,400946.44
United States,2023-02-01,12234.9649,624.1127,-0.20230795,449535.7,297899.5
United States,2023-01-01,10617.7127,547.05975,-0.25031596,295995.56,182873.19
United States,2022-12-01,9172.6849,519.8203,-1.304255,257026.61,158672.78
United States,2022-11-01,11021.7442,568.39844,2.9745913,340440.75,229311.53
United States,2022-10-01,15851.397,655.2656,10.777197,521698.72,384081.56
United States,2022-09-01,17437.4229,750.7865,18.015085,697004.7,515074.34
United States,2022-08-01,18590.6612,843.9702,21.516346,824050.5,590591.0
United States,2022-07-01,20373.316,922.39606,22.801462,970152.8,707238.56
United States,2022-06-01,20703.0835,948.8387,20.284489,1040366.2,757114.25
United States,2022-05-01,19704.3098,899.7822,14.91237,956330.7,663417.5
United States,2022-04-01,17540.4034,813.81824,8.445161,846046.4,586151.0
United States,2022-03-01,15478.7412,717.43945,4.3535867,650260.0,448059.16
United States,2022-02-01,11992.1083,624.842,-1.3129008,466053.75,326611.3
United States,2022-01-01,10434.5942,547.5565,-3.0447435,336751.97,233733.58
United States,2021-12-01,8290.1999,519.719,1.3960782,262048.45,167050.19
United States,2021-11-01,10202.6208,567.8089,3.7560275,354439.6,246386.17
United States,2021-10-01,11965.211,654.52527,11.455405,477733.4,330984.94
United States,2021-09-01,14362.4114,750.02936,17.675104,703995.44,525317.5
United States,2021-08-01,15499.7319,843.2661,21.300774,837628.8,610343.2
United States,2021-07-01,15591.9128,921.9156,22.32013,945024.7,679342.2
United States,2021-06-01,15686.7036,948.9406,20.933908,998635.6,710557.56
United States,2021-05-01,16200.8218,900.36145,14.2291975,928026.25,630795.4
United States,2021-04-01,14199.2023,814.5575,8.784806,848140.06,591864.1
United States,2021-03-01,12157.4705,718.21234,4.241629,653438.3,453067.06
United States,2021-02-01,8474.3001,625.5742,-3.2624066,440591.16,285646.72
United States,2021-01-01,7482.6709,548.0587,-0.6914667,307064.94,196205.69
United States,2020-12-01,5363.9875,519.6244,-0.09501006,280148.22,187904.62
United States,2020-11-01,5869.8262,567.22174,5.2521586,351547.94,248143.84
United States,2020-10-01,7301.7158,653.7843,10.483038,496790.5,359872.03
United States,2020-09-01,7731.5179,749.2705,17.037874,687743.25,508563.56
United States,2020-08-01,9337.6814,842.55914,21.997498,882536.0,657606.94
United States,2020-07-01,10247.924,921.42993,22.458576,983744.8,722037.4
United States,2020-06-01,9436.0614,949.0358,19.887505,1015143.4,725281.1
United States,2020-05-01,9710.8054,900.93896,14.780116,951808.8,662499.7
United States,2020-04-01,7986.4983,815.2974,8.667327,837216.75,575204.4
United States,2020-03-01,6296.0524,718.9868,4.827871,595546.2,378973.56
United States,2020-02-01,5636.466,624.8362,-0.6685441,444839.22,299584.16
United States,2020-01-01,4540.6376,546.52594,-1.5455414,296930.88,186623.95
United States,2019-12-01,4651.7742,519.9721,-0.050149184,263984.75,164509.95
United States,2019-11-01,5803.7651,569.08997,3.3097193,338554.47,228485.48
United States,2019-10-01,8075.7982,656.11707,9.63506,490354.28,348846.94
United States,2019-09-01,8894.0951,751.649,18.455975,677423.6,491285.75
United States,2019-08-01,10354.276,844.76184,21.469828,858045.06,626255.1
United States,2019-07-01,10907.3609,922.9133,22.502127,989162.8,724595.4
United States,2019-06-01,10844.5062,948.675,19.372223,1016636.56,726435.7
United States,2019-05-01,9637.8947,899.0939,14.072052,885251.94,581164.5
United States,2019-04-01,9183.946,812.96747,9.564016,800648.3,530313.2
United States,2019-03-01,7964.5509,716.5675,3.520947,631898.9,413623.62
United States,2019-02-01,5190.5205,624.0321,-1.137445,401620.84,237339.58
United States,2019-01-01,4848.4971,547.0235,-1.9485586,307846.3,196609.83
United States,2018-12-01,4093.1168,519.866,-0.19624844,256483.98,159073.8
United States,2018-11-01,5045.6258,568.4953,2.8759642,322175.47,210709.7
United States,2018-10-01,6664.5202,655.3717,10.530338,446737.72,298479.16
United States,2018-09-01,8232.3313,750.887,17.829836,651334.06,460835.53
United States,2018-08-01,8891.5663,844.05383,21.135592,832847.2,599966.56
United States,2018-07-01,8752.6739,922.43286,22.492783,978059.5,713738.0
United States,2018-06-01,9934.7791,948.78357,20.189259,1006408.1,716575.8
United States,2018-05-01,9017.2867,899.6795,16.302515,940547.44,645524.94
United States,2018-04-01,7785.563,813.71234,7.8325047,837121.75,576324.8
United States,2018-03-01,6496.8698,717.3452,3.7815244,636014.0,420702.1
United States,2018-02-01,5146.1831,624.76746,0.30573806,416516.53,267054.94
United States,2018-01-01,4163.196,547.5241,-1.9372141,323694.34,219496.48
United States,2017-12-01,4079.097,519.7633,-0.053167023,273547.12,178719.42
United States,2017-11-01,4094.378,567.90063,4.8793254,330692.84,219644.16
United States,2017-10-01,6373.88,654.625,11.131893,501213.66,362907.25
United States,2017-09-01,6831.529,750.12366,17.201305,680480.1,495731.4
United States,2017-08-01,7159.487,843.3445,20.458628,820532.7,582380.44
United States,2017-07-01,7307.618,921.9504,22.715065,977995.25,713998.7
United States,2017-06-01,8272.741,948.8895,19.920263,1011371.06,723504.06
United States,2017-05-01,7639.555,900.26556,14.388301,949634.4,661952.9
United States,2017-04-01,6334.9,814.45856,10.104149,807449.3,544805.56
United States,2017-03-01,5884.373,718.1241,4.023821,632786.2,430733.4
United States,2017-02-01,3322.137,625.5039,2.0232313,437883.94,284322.5
United States,2017-01-01,2872.213,548.02673,-1.5487384,295831.94,184190.14
United States,2016-12-01,3166.045,519.6632,-1.5266877,257038.34,159510.9
United States,2016-11-01,3614.856,567.30566,5.8504314,345098.66,237643.4
United States,2016-10-01,4274.837,653.877,12.0955105,493855.75,348697.16
United States,2016-09-01,4906.663,749.35925,17.514935,675936.06,489449.0
United States,2016-08-01,5354.017,842.6346,21.410097,826813.8,592560.5
United States,2016-07-01,5443.719,921.46686,22.530521,977911.1,715292.1
United States,2016-06-01,4796.043,948.9938,20.556292,1034470.8,755127.44
United States,2016-05-01,4796.476,900.85236,14.562184,919388.94,626119.9
United States,2016-04-01,3940.566,815.2059,10.035019,816072.8,558537.3
United States,2016-03-01,3625.646,718.90356,5.9641547,628035.44,421242.88
United States,2016-02-01,3264.872,624.7682,1.9183636,464239.62,318321.8
United States,2016-01-01,2047.35,546.4924,-1.184617,312632.8,199073.8
United States,2015-12-01,2209.327,520.0039,1.0700924,256448.62,159236.23
United States,2015-11-01,2434.167,569.1653,4.6252656,327001.4,221808.23
United States,2015-10-01,2687.368,656.2028,11.8357,472265.78,323645.2
United States,2015-09-01,3120.178,751.7335,17.765682,686441.3,497356.34
United States,2015-08-01,3782.217,844.83636,20.860935,855302.75,621387.75
United States,2015-07-01,3697.089,922.9545,21.660595,965467.7,693312.2
United States,2015-06-01,3599.33,948.6434,20.225454,1004734.44,713788.75
United States,2015-05-01,3524.11,899.0173,14.714238,889822.5,587083.2
United States,2015-04-01,3348.154,812.88306,9.650211,815729.94,555474.4
United States,2015-03-01,2916.305,716.48804,4.67977,626974.56,427011.47
United States,2015-02-01,2087.818,623.9636,-1.2474465,455168.38,306292.06
United States,2015-01-01,1625.935,546.98334,-1.7721983,310772.47,204282.88
United States,2014-12-01,1354.995,519.8858,0.7248242,240367.67,141778.81
United States,2014-11-01,1908.79,568.56055,2.5816069,340597.72,228172.4
United States,2014-10-01,2340.999,655.4515,11.128403,502668.94,358755.1
United States,2014-09-01,2648.65,750.96936,16.859459,662162.6,469287.22
United States,2014-08-01,2665.698,844.13086,20.51627,829307.1,587523.9
United States,2014-07-01,2578.312,922.4835,21.114088,956295.2,680120.6
United States,2014-06-01,2835.486,948.7675,18.93974,977132.4,675812.75
United States,2014-05-01,2586.025,899.6138,14.6243305,958974.94,663259.3
United States,2014-04-01,2210.976,813.6337,8.861611,833507.2,569957.25
United States,2014-03-01,1864.233,717.2671,2.5054579,653706.6,446748.9
United States,2014-02-01,1180.254,624.6958,-2.090017,450038.12,293478.44
United States,2014-01-01,1065.583,547.47473,-1.9685601,335540.3,232333.66
United States,2013-12-01,1304.732,519.7698,-2.5773005,271746.6,176277.95
United States,2013-11-01,1327.255,567.9563,2.9280612,334672.88,224635.92
United States,2013-10-01,1711.081,654.70026,10.246906,485461.16,340701.53
United States,2013-09-01,1687.065,750.20593,17.01218,669251.9,478121.94
United States,2013-08-01,1739.323,843.4264,20.914095,840782.0,602362.94
United States,2013-07-01,1404.182,922.01276,21.877432,941442.3,667935.25
United States,2013-06-01,1557.684,948.88995,20.062542,1009773.2,720237.1
United States,2013-05-01,1352.153,900.20984,13.85508,946276.0,648553.25
United States,2013-04-01,1208.699,814.3839,7.1243176,835004.5,565213.56
United States,2013-03-01,1095.059,718.0453,2.3085442,659982.94,442069.8
United States,2013-02-01,781.032,625.42694,-1.1303607,453911.16,296757.47
United States,2013-01-01,509.737,547.9666,-2.0912466,312008.06,205570.5
United States,2012-12-01,593.629,519.6563,-0.83039534,260263.86,160771.7
United States,2012-11-01,723.312,567.3532,3.4304028,354764.9,246385.66
United States,2012-10-01,992.324,653.9497,9.964707,489620.6,345881.6
United States,2012-09-01,1064.165,749.4436,17.020596,697069.94,513684.16
United States,2012-08-01,1067.266,842.7232,21.366556,860778.4,634682.8
United States,2012-07-01,1200.084,921.54193,22.761967,969417.8,705530.4
United States,2012-06-01,1291.631,949.0098,20.107794,1046448.3,768962.0
United States,2012-05-01,1175.191,900.8045,15.278374,981714.75,691860.56
United States,2012-04-01,796.931,815.13306,10.19386,847448.94,588644.1
United States,2012-03-01,573.601,718.8221,5.76273,646884.94,446971.84
United States,2012-02-01,316.128,624.6845,0.73447,436867.22,284307.4
United States,2012-01-01,197.735,546.422,-2.1748977,326625.03,225373.8
United States,2011-12-01,266.413,519.98737,-0.39252585,268911.7,177686.44
United States,2011-11-01,260.517,569.2084,3.0556045,344522.4,232355.42
United States,2011-10-01,566.653,656.276,10.689958,509632.03,366930.6
United States,2011-09-01,612.921,751.82214,17.112068,685107.3,497645.88
United States,2011-08-01,791.526,844.9329,21.801714,877580.4,650275.94
United States,2011-07-01,756.737,923.04095,22.485144,976181.6,712568.0
United States,2011-06-01,860.81,948.6698,19.386509,1006127.8,713880.2
United States,2011-05-01,674.428,898.973,13.51963,930051.75,630758.8
United States,2011-04-01,540.797,812.809,8.605828,822776.1,553288.56
United States,2011-03-01,379.241,716.4018,3.2757459,634183.1,418771.78
United States,2011-02-01,268.088,623.8722,-1.7304231,460427.84,307952.06
United States,2011-01-01,104.87,546.90247,-3.381369,321635.88,209334.31
United States,2010-12-01,111.454,519.86017,-2.5787504,267281.84,164164.88
United States,2010-11-01,197.19,568.60095,3.7480006,347196.3,238244.98
United States,2010-10-01,222.334,655.52686,11.074422,525009.7,384056.53
United States,2010-09-01,433.856,751.0635,17.373732,693744.3,512769.34
United States,2010-08-01,511.768,844.2356,21.573698,852830.06,625748.2
United States,2010-07-01,537.736,922.58057,21.862043,949309.8,683050.9
United States,2010-06-01,579.643,948.803,19.661716,980042.75,684172.1
United States,2010-05-01,516.928,899.57104,13.959126,941968.75,639459.2
United States,2010-04-01,367.819,813.5566,9.468004,842650.9,577265.8
United States,2010-03-01,239.148,717.1752,3.2480686,641979.8,435734.78
United States,2010-02-01,101.254,624.5968,-2.052028,437165.0,265930.12
United States,2010-01-01,28.868,547.3853,-3.4591196,309187.84,192351.31
Brazil,2023-03-01,3229.6411,729.43024,25.15164,745227.6,477252.34
Brazil,2023-02-01,3115.4989,746.796,25.162394,792236.1,510204.6
Brazil,2023-01-01,3079.7458,760.43445,24.79096,777342.6,487180.8
Brazil,2022-12-01,2878.2354,764.79016,25.088167,782418.06,500598.03
Brazil,2022-11-01,2570.8271,756.6411,24.93285,845781.9,576999.44
Brazil,2022-10-01,3010.6027,740.7789,25.950161,880935.56,626008.7
Brazil,2022-09-01,2800.5606,722.81915,25.537113,876221.75,653468.5
Brazil,2022-08-01,2533.6322,706.0541,24.351147,795598.8,587313.56
Brazil,2022-07-01,2187.938,693.5866,24.157803,713811.0,523211.03
Brazil,2022-06-01,1868.499,690.0715,23.138386,652928.7,458683.44
Brazil,2022-05-01,1872.8749,697.0858,23.621342,667687.2,463771.53
Brazil,2022-04-01,1934.1372,711.52045,24.976633,723291.44,495467.03
Brazil,2022-03-01,1973.5201,729.2851,25.073467,725353.9,454170.78
Brazil,2022-02-01,1783.1871,746.6613,25.319405,776838.06,492865.06
Brazil,2022-01-01,1810.3329,760.35156,25.33778,791741.56,512194.0
Brazil,2021-12-01,1660.6449,764.80695,25.43479,740418.44,445281.0
Brazil,2021-11-01,1737.2228,756.74414,25.425812,791182.4,504317.4
Brazil,2021-10-01,1763.478,740.9177,26.126574,858924.94,603809.94
Brazil,2021-09-01,1809.4247,722.9601,26.432919,875889.9,651085.2
Brazil,2021-08-01,1398.0924,706.1748,25.047737,796080.6,586972.5
Brazil,2021-07-01,1317.1387,693.6551,23.25371,720730.56,531514.2
Brazil,2021-06-01,1260.2523,690.0578,23.561537,655912.3,461204.1
Brazil,2021-05-01,1223.0573,696.9962,24.054127,682333.6,472598.53
Brazil,2021-04-01,1170.5468,711.38885,24.766827,726697.4,484711.4
Brazil,2021-03-01,1207.7418,729.1396,25.010862,756441.0,487710.28
Brazil,2021-02-01,902.6993,746.5262,25.12994,754526.8,468230.4
Brazil,2021-01-01,1134.4592,760.26764,25.401333,799212.2,509042.78
Brazil,2020-12-01,875.0507,764.8225,25.679209,835152.8,553908.8
Brazil,2020-11-01,830.079,756.8467,25.729855,845145.06,566652.75
Brazil,2020-10-01,924.1287,741.0567,26.685278,913384.9,672389.56
Brazil,2020-09-01,1039.5393,723.10144,26.368296,909050.9,688754.75
Brazil,2020-08-01,999.3519,706.2962,24.714907,808622.25,605274.94
Brazil,2020-07-01,952.7971,693.7244,23.754929,718522.4,529963.3
Brazil,2020-06-01,879.4068,690.045,23.842503,643958.75,449337.16
Brazil,2020-05-01,874.69,696.90704,23.734152,642580.1,431653.53
Brazil,2020-04-01,870.1424,711.25714,24.770063,685099.8,443331.66
Brazil,2020-03-01,836.1294,728.9939,25.53144,738851.06,468708.44
Brazil,2020-02-01,772.3487,746.6598,25.602913,747996.0,460017.34
Brazil,2020-01-01,788.6461,760.52356,25.83712,783661.25,497696.56
Brazil,2019-12-01,674.0808,764.7657,25.990704,828933.44,544771.56
Brazil,2019-11-01,651.19,756.52026,26.163116,852546.75,576532.6
Brazil,2019-10-01,686.6847,740.61914,26.335793,876163.44,615160.0
Brazil,2019-09-01,604.774,722.6586,26.728579,876891.0,649544.9
Brazil,2019-08-01,604.774,705.91846,24.932837,787323.0,576454.3
Brazil,2019-07-01,536.5151,693.51294,23.787086,690256.94,494637.8
Brazil,2019-06-01,492.8294,690.0927,24.512339,658648.75,463584.75
Brazil,2019-05-01,487.3687,697.1923,24.947836,640902.1,429368.28
Brazil,2019-04-01,469.6213,711.672,25.451046,687046.5,440013.4
Brazil,2019-03-01,488.7338,729.44916,25.70468,753833.44,480449.47
Brazil,2019-02-01,439.5874,746.8109,25.788391,765590.7,476826.16
Brazil,2019-01-01,451.874,760.44055,25.9111,819010.44,536060.3
Brazil,2018-12-01,371.6785,764.7831,25.354864,783113.8,498288.62
Brazil,2018-11-01,297.784,756.6243,25.877338,780355.3,490259.78
Brazil,2018-10-01,316.5333,740.759,26.413725,857003.25,591995.8
Brazil,2018-09-01,421.3092,722.8004,25.954311,855123.44,619261.2
Brazil,2018-08-01,405.8685,706.03973,24.584467,767698.94,551429.0
Brazil,2018-07-01,347.4146,693.5813,24.001774,711263.9,519136.12
Brazil,2018-06-01,266.9027,690.0782,23.580582,645470.06,449327.16
Brazil,2018-05-01,262.491,697.1016,24.246878,652570.6,436637.84
Brazil,2018-04-01,204.0372,711.53925,24.788696,682015.44,425034.4
Brazil,2018-03-01,204.0372,729.3028,25.625662,757840.0,483014.22
Brazil,2018-02-01,163.2297,746.6752,25.105547,732494.94,436271.62
Brazil,2018-01-01,179.7733,760.35706,25.504885,803969.6,510158.7
Brazil,2017-12-01,196.68,764.8,25.754007,777299.7,485602.06
Brazil,2017-11-01,170.49,756.7282,25.907434,836409.6,551608.2
Brazil,2017-10-01,192.798,740.89905,26.60343,886869.3,627788.75
Brazil,2017-09-01,97.214,722.94257,26.40029,876276.56,642207.94
Brazil,2017-08-01,66.845,706.1614,25.504957,801280.2,595008.7
Brazil,2017-07-01,51.719,693.65,23.559849,717589.1,528284.06
Brazil,2017-06-01,32.323,690.064,24.07897,656246.3,462757.47
Brazil,2017-05-01,8.035,697.0109,24.99885,646826.8,432345.66
Brazil,2017-04-01,2.381,711.4064,25.106405,690799.0,441147.66
Brazil,2017-03-01,2.549,729.1562,25.445906,744123.25,461442.03
Brazil,2017-02-01,2.808,746.5392,25.43816,736938.3,436508.72
Brazil,2017-01-01,3.261,760.2731,25.671164,787598.7,483447.6
Brazil,2016-12-01,6.763,764.81647,25.811682,792454.1,494403.0
Brazil,2016-11-01,7.443,756.8321,26.17565,848416.6,567124.4
Brazil,2016-10-01,8.101,741.0393,26.314173,868343.44,607856.8
Brazil,2016-09-01,8.18,723.0849,25.569302,837772.8,593734.2
Brazil,2016-08-01,7.466,706.2832,25.409128,791594.1,583447.6
Brazil,2016-07-01,6.6,693.7191,24.345388,720342.25,529177.94
Brazil,2016-06-01,5.7,690.0502,23.626356,645967.25,449164.28
Brazil,2016-05-01,5.939,696.92035,24.749054,650313.56,433076.1
Brazil,2016-04-01,6.693,711.2734,26.061182,722608.44,486685.53
Brazil,2016-03-01,7.959,729.0095,26.039776,723040.75,448063.3
Brazil,2016-02-01,7.098,746.6723,26.454638,822904.7,550936.75
Brazil,2016-01-01,6.556,760.5292,26.056973,706542.5,421019.88
Brazil,2015-12-01,8.601,764.7607,26.913485,870813.75,605122.9
Brazil,2015-11-01,9.157,756.50714,26.937489,876132.3,606808.3
Brazil,2015-10-01,9.345,740.6031,27.276941,911247.44,669334.5
Brazil,2015-09-01,7.406,722.6429,26.997963,888030.0,671013.1
Brazil,2015-08-01,4.037,705.9057,25.636244,803136.7,595325.9
Brazil,2015-07-01,3.086,693.5071,24.167048,659808.1,455775.38
Brazil,2015-06-01,2.834,690.0966,24.118168,631800.7,432387.0
Brazil,2015-05-01,2.699,697.20416,24.321304,614931.94,389156.0
Brazil,2015-04-01,3.248,711.687,25.13372,686429.06,432017.88
Brazil,2015-03-01,3.151,729.4641,25.190317,709770.06,421773.66
Brazil,2015-02-01,2.475,746.82355,25.475231,766134.7,470419.9
Brazil,2015-01-01,2.613,760.44727,25.878698,842722.1,562283.9
People's Republic of China,2023-03-01,45409.2845,717.45917,4.0991893,753415.94,517775.8
People's Republic of China,2023-02-01,35862.9013,650.9472,-2.1610558,556252.1,368314.62
People's Republic of China,2023-01-01,33219.6075,598.98047,-6.8284984,465389.72,332214.78
People's Republic of China,2022-12-01,30214.3452,582.81866,-6.4782753,407466.3,283585.1
People's Republic of China,2022-11-01,29443.745,614.8652,1.7224753,443593.4,296289.5
People's Republic of China,2022-10-01,35507.5748,675.8287,7.80891,591238.56,397610.84
People's Republic of China,2022-09-01,37711.637,745.07544,15.780923,743480.2,503534.94
People's Republic of China,2022-08-01,38571.6768,811.465,20.202171,828963.9,544725.4
People's Republic of China,2022-07-01,39402.4267,862.63086,21.125944,928459.3,615359.8
People's Republic of China,2022-06-01,38427.8072,876.9673,18.963938,909167.3,571995.44
People's Republic of China,2022-05-01,38634.2751,846.7554,14.265933,913729.6,579378.3
People's Republic of China,2022-04-01,38408.2744,787.6745,9.546625,893539.44,598664.8
People's Republic of China,2022-03-01,34856.6384,718.0197,4.497774,734884.75,500677.9
People's Republic of China,2022-02-01,29980.6218,651.4604,-5.934864,562431.1,369264.66
People's Republic of China,2022-01-01,25111.9792,599.29596,-6.7499623,425506.16,283338.3
People's Republic of China,2021-12-01,26505.4281,582.7483,-5.2440968,407334.44,278927.3
People's Republic of China,2021-11-01,26520.2843,614.4662,-0.14212878,462467.06,317302.47
People's Republic of China,2021-10-01,25388.0766,675.2965,8.206755,555106.5,369413.06
People's Republic of China,2021-09-01,27705.1705,744.5264,16.09764,730034.06,491298.34
People's Republic of China,2021-08-01,29692.1774,810.9777,19.020893,782971.44,491269.12
People's Republic of China,2021-07-01,30310.6422,862.3456,21.075619,883324.56,560642.9
People's Republic of China,2021-06-01,30077.0361,877.03094,18.30698,913062.0,570171.44
People's Republic of China,2021-05-01,30948.3733,847.13226,14.000347,933952.8,594678.44
People's Republic of China,2021-04-01,26838.8415,788.2009,8.051113,835739.7,535487.5
People's Republic of China,2021-03-01,26346.8876,718.58136,4.103526,717504.2,475660.78
People's Republic of China,2021-02-01,24460.5331,651.97595,-1.2388102,583195.3,404930.94
People's Republic of China,2021-01-01,21636.4339,599.6154,-6.97359,465940.3,330186.16
People's Republic of China,2020-12-01,20148.5953,582.68195,-6.5029078,400446.9,273487.03
People's Republic of China,2020-11-01,19356.5604,614.0689,1.3383977,453705.62,305632.44
People's Republic of China,2020-10-01,22428.1104,674.7639,8.123934,572660.8,391019.28
People's Republic of China,2020-09-01,23413.3246,743.976,15.220342,670451.06,437082.72
People's Republic of China,2020-08-01,24301.9491,810.48816,19.598312,800697.2,516676.1
People's Republic of China,2020-07-01,23490.5963,862.05676,20.082493,859999.06,532157.0
People's Republic of China,2020-06-01,23973.5444,877.0912,18.1678,904103.56,558730.94
People's Republic of China,2020-05-01,25654.2038,847.5076,14.268493,952999.4,612862.3
People's Republic of China,2020-04-01,26040.5623,788.7278,8.417658,902196.7,600559.25
People's Republic of China,2020-03-01,24900.8048,719.14417,3.1301782,737348.6,495384.16
People's Republic of China,2020-02-01,16032.5279,651.4673,-2.7365134,575878.56,397273.12
People's Republic of China,2020-01-01,18585.1929,598.64197,-6.392589,424850.22,279402.62
People's Republic of China,2019-12-01,16342.9642,582.92053,-5.6402454,405839.2,279321.1
People's Republic of China,2019-11-01,16400.918,615.33325,1.2225419,457019.34,301938.0
People's Republic of China,2019-10-01,18661.1151,676.4408,8.461277,585015.5,389357.38
People's Republic of China,2019-09-01,20824.7227,745.70074,15.78504,749841.0,512988.03
People's Republic of China,2019-08-01,20998.584,812.0124,19.677345,820564.06,535614.06
People's Republic of China,2019-07-01,20708.8151,862.9375,20.005556,872941.6,543988.06
People's Republic of China,2019-06-01,19878.1444,876.8701,18.030693,917091.25,576794.3
People's Republic of China,2019-05-01,20882.6765,846.30756,13.469436,930383.06,593230.5
People's Republic of China,2019-04-01,20090.6415,787.0687,9.801254,877922.0,580077.6
People's Republic of China,2019-03-01,19569.0576,717.38635,2.513429,757395.25,515656.12
People's Republic of China,2019-02-01,12519.5838,650.89075,-4.125515,547452.94,357067.38
People's Republic of China,2019-01-01,15966.4312,598.95764,-6.9113235,432767.28,288101.4
People's Republic of China,2018-12-01,12404.4164,582.84705,-6.803482,377486.28,249602.25
People's Republic of China,2018-11-01,14014.6051,614.93036,0.12265949,452622.3,296638.7
People's Republic of China,2018-10-01,15803.7036,675.90485,7.0725985,605012.3,412445.53
People's Republic of China,2018-09-01,14113.9994,745.14825,14.539213,697031.06,452018.97
People's Republic of China,2018-08-01,14948.9121,811.52277,19.930952,793381.25,500770.3
People's Republic of China,2018-07-01,15346.4895,862.6528,20.862028,851813.7,526648.2
People's Republic of China,2018-06-01,15744.067,876.9376,18.635641,908843.6,564598.44
People's Republic of China,2018-05-01,15406.1261,846.6891,14.4742775,943198.7,610597.4
People's Republic of China,2018-04-01,15306.7318,787.5994,9.505886,891974.1,596109.7
People's Republic of China,2018-03-01,15505.5205,717.9514,4.130341,757411.5,516627.6
People's Republic of China,2018-02-01,14066.5308,651.40814,-4.393143,589924.06,399497.53
People's Republic of China,2018-01-01,12586.1927,599.27563,-7.5766087,435806.2,297580.0
People's Republic of China,2017-12-01,9795.095,582.77576,-4.706888,410079.84,284891.03
People's Republic of China,2017-11-01,10312.571,614.5278,0.43163216,456597.84,307903.44
People's Republic of China,2017-10-01,9905.983,675.368,8.155232,557726.75,366007.38
People's Republic of China,2017-09-01,10275.609,744.59467,15.565756,711879.94,470699.34
People's Republic of China,2017-08-01,10109.277,811.0319,19.333513,792249.9,500903.25
People's Republic of China,2017-07-01,10294.09,862.36633,21.023577,897033.3,575829.3
People's Republic of China,2017-06-01,9832.057,877.0036,17.81711,905679.56,558992.56
People's Republic of China,2017-05-01,10109.277,847.07056,14.3727,978987.6,644595.75
People's Republic of China,2017-04-01,9277.618,788.13086,9.268305,869449.75,558605.9
People's Republic of China,2017-03-01,8963.436,718.5174,1.7561537,721757.1,467818.78
People's Republic of China,2017-02-01,8297.115,651.9266,-2.412642,585527.3,399760.3
People's Republic of China,2017-01-01,7134.224,599.5952,-5.9520044,437300.72,296409.66
People's Republic of China,2016-12-01,5082.307,582.70605,-3.0804641,398212.56,270797.5
People's Republic of China,2016-11-01,5220.601,614.1253,0.2937949,443118.22,294747.12
People's Republic of China,2016-10-01,5272.461,674.8304,8.013597,546557.44,353892.97
People's Republic of China,2016-09-01,5825.638,744.04034,15.47272,697747.5,452189.56
People's Republic of China,2016-08-01,6223.233,810.54034,19.940325,808956.3,521856.38
People's Republic of China,2016-07-01,5721.917,862.07874,20.747305,880822.5,557592.3
People's Republic of China,2016-06-01,5756.491,877.0685,18.403603,931815.56,594038.44
People's Republic of China,2016-05-01,5670.057,847.4519,13.685501,917160.1,581336.2
People's Republic of China,2016-04-01,5618.197,788.6629,9.688867,855911.8,542963.2
People's Republic of China,2016-03-01,5307.035,719.08386,3.4128783,749519.1,505803.03
People's Republic of China,2016-02-01,3615.834,651.41956,-4.0587783,600721.0,419733.22
People's Republic of China,2016-01-01,5219.359,598.62085,-7.9904327,430103.53,288618.28
People's Republic of China,2015-12-01,3195.261,582.9404,-4.947941,378804.78,247318.72
People's Republic of China,2015-11-01,3195.261,615.38403,1.4788392,420272.88,271020.4
People's Republic of China,2015-10-01,3195.261,676.50244,8.713763,607801.2,420845.22
People's Republic of China,2015-09-01,3195.261,745.76196,14.628351,686356.3,444860.06
People's Republic of China,2015-08-01,3195.261,812.06384,19.060854,822564.7,531612.8
People's Republic of China,2015-07-01,3195.261,862.96185,20.007433,927399.2,609261.4
People's Republic of China,2015-06-01,3195.261,876.85266,17.58904,895519.4,549371.56
People's Republic of China,2015-05-01,3195.261,846.25793,13.962502,930306.9,594858.6
People's Republic of China,2015-04-01,3195.261,787.0087,8.645202,888382.6,579006.7
People's Republic of China,2015-03-01,3195.261,717.3287,2.9508736,740123.25,499648.66
People's Republic of China,2015-02-01,3195.261,650.84265,-2.8386395,573129.3,388836.9
People's Republic of China,2015-01-01,3195.261,598.9322,-6.0021477,447612.8,304913.75
