Country,Date,Value,Wind10int,Wind100int
Australia,2023-03-01,2415.8842,3.6897216,5.550105
Australia,2023-02-01,2540.7584,3.9664721,5.909515
Australia,2023-01-01,2614.8241,4.0172462,5.86605
Australia,2022-12-01,2690.1965,4.128255,6.038626
Australia,2022-11-01,2510.9518,4.2137494,6.2093577
Australia,2022-10-01,2585.0371,4.169515,6.2335668
Australia,2022-09-01,2611.7065,4.122793,6.341942
Australia,2022-08-01,3237.8667,4.248461,6.6764235
Australia,2022-07-01,2821.0965,3.9059606,6.2938533
Australia,2022-06-01,2971.0295,3.9211984,6.250472
Australia,2022-05-01,2376.8426,3.7599924,5.910298
Australia,2022-04-01,2225.3763,3.8285491,5.904974
Australia,2022-03-01,2345.7491,3.8466952,5.7700653
Australia,2022-02-01,2354.7428,4.000221,5.955144
Australia,2022-01-01,2542.1037,4.2193036,6.1259155
Australia,2021-12-01,2316.3975,4.098981,5.800054
Australia,2021-11-01,2270.4233,4.12164,6.08362
Australia,2021-10-01,2219.7411,4.147176,6.1921453
Australia,2021-09-01,2456.06,4.4919086,6.851287
Australia,2021-08-01,2543.3373,4.058647,6.385271
Australia,2021-07-01,2840.2358,3.999827,6.4057555
Australia,2021-06-01,2218.7338,3.8854492,6.1889577
Australia,2021-05-01,2100.2659,3.9195986,6.2194757
Australia,2021-04-01,1650.4649,3.782887,5.8761616
Australia,2021-03-01,2041.3946,3.7795384,5.7373614
Australia,2021-02-01,1948.8184,4.009633,5.936805
Australia,2021-01-01,2265.2593,4.2864275,6.225722
Australia,2020-12-01,2367.5981,4.285465,6.2157946
Australia,2020-11-01,2070.4957,4.279731,6.282926
Australia,2020-10-01,2114.3543,4.2602577,6.342584
Australia,2020-09-01,2371.4947,4.284017,6.586222
Australia,2020-08-01,2249.399,3.9964192,6.312648
Australia,2020-07-01,1625.3142,3.9005232,6.2938657
Australia,2020-06-01,1707.773,3.8319526,6.1892357
Australia,2020-05-01,1952.2619,4.0899878,6.453341
Australia,2020-04-01,1598.7827,3.672832,5.635807
Australia,2020-03-01,1728.4059,3.920669,5.9304047
Australia,2020-02-01,1408.2926,4.078556,5.97533
Australia,2020-01-01,1639.9641,4.207999,6.0966463
Australia,2019-12-01,1776.0663,4.0879087,5.995013
Australia,2019-11-01,1893.3505,4.3007793,6.3293796
Australia,2019-10-01,1667.0948,4.2007623,6.330075
Australia,2019-09-01,1685.3386,4.0586586,6.277731
Australia,2019-08-01,1939.7441,4.179296,6.560418
Australia,2019-07-01,1898.067,3.8242805,6.1498485
Australia,2019-06-01,1533.8193,4.209125,6.6988363
Australia,2019-05-01,1689.4928,4.008685,6.309916
Australia,2019-04-01,1459.657,4.0625877,6.2727423
Australia,2019-03-01,1400.3354,3.9507136,5.871947
Australia,2019-02-01,1399.498,4.310101,6.3416967
Australia,2019-01-01,1375.1294,4.29464,6.190748
Australia,2018-12-01,1515.2226,4.3671274,6.3460374
Australia,2018-11-01,1423.1956,4.218612,6.149542
Australia,2018-10-01,1436.5961,3.999857,5.986388
Australia,2018-09-01,1401.8472,4.1498213,6.3869843
Australia,2018-08-01,1862.2726,4.2411685,6.6168833
Australia,2018-07-01,1840.6417,3.8071456,6.10772
Australia,2018-06-01,1191.7025,3.7367508,6.0330076
Australia,2018-05-01,1417.8203,4.388273,6.892384
Australia,2018-04-01,1040.9211,3.6489506,5.6968365
Australia,2018-03-01,1364.1388,4.225774,6.3290186
Australia,2018-02-01,1132.5192,3.9055808,5.758405
Australia,2018-01-01,1219.2294,4.310033,6.248108
Australia,2017-12-01,1206.5689,4.074136,5.903756
Australia,2017-11-01,1039.8983,4.0328064,5.9057093
Australia,2017-10-01,1224.5466,4.1865897,6.2462807
Australia,2017-09-01,1618.6129,4.2340918,6.516286
Australia,2017-08-01,1400.5912,3.9986877,6.3017545
Australia,2017-07-01,1529.1689,3.6859417,5.9193606
Australia,2017-06-01,625.0892,3.8678503,6.23211
Australia,2017-05-01,945.6864,3.6534376,5.8205404
Australia,2017-04-01,839.147,3.8560584,5.9714537
Australia,2017-03-01,1035.6495,3.7035284,5.5763803
Australia,2017-02-01,977.4611,4.0308967,5.9561334
Australia,2017-01-01,1050.3855,3.9898357,5.8263955
Australia,2016-12-01,1074.389,4.18327,6.06614
Australia,2016-11-01,1090.202,4.120851,6.0665174
Australia,2016-10-01,1381.513,4.4796624,6.7227077
Australia,2016-09-01,1003.459,4.1058846,6.282973
Australia,2016-08-01,1151.781,4.0075397,6.2966347
Australia,2016-07-01,1416.11,4.065056,6.428105
Australia,2016-06-01,1276.2959,3.7741625,5.9694695
Australia,2016-05-01,1556.9043,3.7005496,5.814036
Australia,2016-04-01,889.5616,3.807664,5.89302
Australia,2016-03-01,846.8007,3.5564368,5.3008184
Australia,2016-02-01,934.542,3.9417853,5.835402
Australia,2016-01-01,1080.0676,3.7678232,5.4739475
Australia,2015-12-01,1083.3326,4.250609,6.169331
Australia,2015-11-01,962.638,4.0799494,5.9948063
Australia,2015-10-01,1057.0251,4.0621853,6.132369
Australia,2015-09-01,962.1128,4.082193,6.3456545
Australia,2015-08-01,1227.6664,3.887678,6.1388054
Australia,2015-07-01,1360.0811,3.9345481,6.273345
Australia,2015-06-01,882.057,3.8783352,6.2120075
Australia,2015-05-01,1299.181,4.0342994,6.329213
Australia,2015-04-01,874.7301,4.143698,6.328641
Australia,2015-03-01,913.9647,3.9934142,5.9729333
Australia,2015-02-01,800.89,4.0479684,5.9915276
Australia,2015-01-01,1066.5928,4.222923,6.178103
Australia,2014-12-01,901.387,3.930961,5.698908
Australia,2014-11-01,891.187,4.049522,5.93299
Australia,2014-10-01,931.669,4.162236,6.280783
Australia,2014-09-01,939.783,4.0343733,6.263425
Australia,2014-08-01,677.609,4.032336,6.4224195
Australia,2014-07-01,1287.753,3.794766,6.106519
Australia,2014-06-01,1091.0,4.249832,6.722659
Australia,2014-05-01,831.328,3.5292995,5.6057987
Australia,2014-04-01,676.409,3.5687132,5.517228
Australia,2014-03-01,637.322,3.6601663,5.539907
Australia,2014-02-01,707.904,4.3647757,6.4395204
Australia,2014-01-01,837.32,4.482537,6.54917
Australia,2013-12-01,742.142,4.103618,5.9837193
Australia,2013-11-01,693.445,4.199245,6.131154
Australia,2013-10-01,1011.061,4.3643785,6.5283704
Australia,2013-09-01,961.474,4.138057,6.3931503
Australia,2013-08-01,1180.731,3.7803252,5.9839325
Australia,2013-07-01,881.864,4.1390376,6.599368
Australia,2013-06-01,595.417,3.8518436,6.106934
Australia,2013-05-01,843.396,3.9334342,6.1726747
Australia,2013-04-01,582.163,3.561624,5.559884
Australia,2013-03-01,783.985,4.0473223,6.043577
Australia,2013-02-01,598.18,3.9914403,5.883344
Australia,2013-01-01,669.647,4.4444346,6.446172
Australia,2012-12-01,760.075,3.9084914,5.697524
Australia,2012-11-01,594.983,4.0819573,6.015208
Australia,2012-10-01,581.89,4.2292366,6.360448
Australia,2012-09-01,663.923,4.1898503,6.4732456
Australia,2012-08-01,752.073,3.8374646,6.1071177
Australia,2012-07-01,534.268,4.0723557,6.5548472
Australia,2012-06-01,702.918,3.9659793,6.371328
Australia,2012-05-01,537.198,4.01836,6.3721595
Australia,2012-04-01,432.456,3.6926348,5.7316446
Australia,2012-03-01,589.725,4.159361,6.3165736
Australia,2012-02-01,496.331,3.812263,5.6569667
Australia,2012-01-01,743.004,4.1798015,6.0927386
Australia,2011-12-01,539.034,3.9905028,5.8583655
Australia,2011-11-01,532.37,3.9664516,5.8687057
Australia,2011-10-01,537.447,4.111287,6.167976
Australia,2011-09-01,728.209,4.2891445,6.615166
Australia,2011-08-01,509.829,3.7802217,6.0655274
Australia,2011-07-01,621.479,3.8008068,6.13712
Australia,2011-06-01,732.319,3.875775,6.2402544
Australia,2011-05-01,488.339,3.9282193,6.2256436
Australia,2011-04-01,507.972,3.9834363,6.2157497
Australia,2011-03-01,619.066,4.1600285,6.2825913
Australia,2011-02-01,538.337,4.094163,6.03848
Australia,2011-01-01,433.348,3.936248,5.7760463
Australia,2010-12-01,562.097,4.042128,5.947911
Australia,2010-11-01,410.598,4.0485063,6.0227494
Australia,2010-10-01,489.709,4.296008,6.4573383
Australia,2010-09-01,408.351,4.245978,6.4957914
Australia,2010-08-01,574.758,4.142737,6.5004773
Australia,2010-07-01,320.106,4.015547,6.3752522
Australia,2010-06-01,312.625,3.8882868,6.218621
Australia,2010-05-01,296.832,3.7036817,5.8593645
Australia,2010-04-01,350.511,3.6105545,5.598391
Australia,2010-03-01,415.654,4.0725036,6.1538706
Australia,2010-02-01,390.199,4.0360355,5.951721
Australia,2010-01-01,409.469,4.2529488,6.2216067
Canada,2023-03-01,3418.7062,3.4384992,5.3466735
Canada,2023-02-01,3914.9501,3.6478994,5.816089
Canada,2023-01-01,3206.4003,3.4973323,5.614251
Canada,2022-12-01,3759.2633,3.9898555,6.3855658
Canada,2022-11-01,4122.9702,3.9915824,6.2955112
Canada,2022-10-01,3417.7461,4.3167253,6.745157
Canada,2022-09-01,2403.2426,3.8842192,5.984321
Canada,2022-08-01,1997.3639,3.5377898,5.4051666
Canada,2022-07-01,2378.9081,3.3023033,5.031
Canada,2022-06-01,2506.5278,3.492221,5.3470707
Canada,2022-05-01,2888.579,3.8976097,5.955711
Canada,2022-04-01,3351.9337,3.8570657,5.8676825
Canada,2022-03-01,3686.4818,3.914488,6.068445
Canada,2022-02-01,3647.7012,4.083083,6.4974995
Canada,2022-01-01,3850.9621,4.121605,6.6183524
Canada,2021-12-01,3602.2384,3.908742,6.285039
Canada,2021-11-01,3729.2048,3.8496115,6.1341906
Canada,2021-10-01,2781.6782,3.7277772,5.9496346
Canada,2021-09-01,2726.5551,3.794216,5.894771
Canada,2021-08-01,1893.8625,3.689975,5.6596785
Canada,2021-07-01,1854.4572,3.4862454,5.2657695
Canada,2021-06-01,2514.3776,3.6712275,5.6186957
Canada,2021-05-01,2465.9689,3.6985874,5.5603766
Canada,2021-04-01,2834.9202,3.9220076,5.9910235
Canada,2021-03-01,4185.8124,4.182671,6.5625653
Canada,2021-02-01,2972.8521,3.8223176,6.0489583
Canada,2021-01-01,2847.0725,3.4753177,5.619133
Canada,2020-12-01,3964.1463,3.9555218,6.3536944
Canada,2020-11-01,4030.7928,4.0189695,6.442674
Canada,2020-10-01,3042.0362,3.9321902,6.061887
Canada,2020-09-01,2859.5804,3.975057,6.133455
Canada,2020-08-01,2305.3842,3.4783888,5.3287086
Canada,2020-07-01,1851.3228,3.2566576,4.979241
Canada,2020-06-01,2271.8062,3.4544349,5.3222327
Canada,2020-05-01,2760.7782,3.9223619,5.883109
Canada,2020-04-01,3005.6935,4.0841784,6.2322116
Canada,2020-03-01,3334.1994,4.0948334,6.358234
Canada,2020-02-01,3489.2503,3.784057,6.031426
Canada,2020-01-01,2826.3789,3.6952574,5.9253035
Canada,2019-12-01,3545.7752,3.7901917,6.102369
Canada,2019-11-01,3163.863,3.8035903,6.0106606
Canada,2019-10-01,2707.1108,3.9863017,6.230141
Canada,2019-09-01,2216.0788,3.724273,5.730884
Canada,2019-08-01,1740.4929,3.622393,5.554328
Canada,2019-07-01,1777.9228,3.378335,5.13881
Canada,2019-06-01,1838.6632,3.4376516,5.242998
Canada,2019-05-01,2014.0628,3.523426,5.3315735
Canada,2019-04-01,3098.2496,3.890368,5.9125557
Canada,2019-03-01,3452.4306,4.0487123,6.3257265
Canada,2019-02-01,3096.848,3.8064067,6.0180073
Canada,2019-01-01,3681.5025,3.8345153,6.1671185
Canada,2018-12-01,3365.8556,3.7671096,6.107905
Canada,2018-11-01,3393.8681,3.5559483,5.622136
Canada,2018-10-01,2977.2093,3.819928,5.9503655
Canada,2018-09-01,2141.9328,3.9407842,5.956251
Canada,2018-08-01,1790.7244,3.679937,5.5982876
Canada,2018-07-01,1952.5942,3.6177838,5.5260143
Canada,2018-06-01,2232.7662,3.6168807,5.516926
Canada,2018-05-01,2455.5505,3.8743336,5.8154454
Canada,2018-04-01,2771.7513,3.944413,6.025528
Canada,2018-03-01,2785.6002,3.67955,5.6816783
Canada,2018-02-01,3151.4374,4.17891,6.6350417
Canada,2018-01-01,3834.7101,3.7768836,6.059887
Canada,2017-12-01,3324.792,3.7897978,6.0941544
Canada,2017-11-01,3282.482,4.141644,6.5067763
Canada,2017-10-01,3255.361,4.1744027,6.5039077
Canada,2017-09-01,1857.755,3.6831465,5.6573772
Canada,2017-08-01,1729.825,3.4104645,5.2305856
Canada,2017-07-01,1661.43,3.6521657,5.5208755
Canada,2017-06-01,2215.854,3.5639746,5.4356894
Canada,2017-05-01,2431.451,3.5467594,5.4352784
Canada,2017-04-01,2568.728,3.787255,5.715097
Canada,2017-03-01,2998.713,4.123905,6.4004846
Canada,2017-02-01,2922.738,3.711935,5.9113984
Canada,2017-01-01,2948.871,3.9741457,6.418892
Canada,2016-12-01,3595.008,3.9448962,6.285881
Canada,2016-11-01,2991.938,3.7234576,5.9879236
Canada,2016-10-01,2523.446,3.7120297,5.7306113
Canada,2016-09-01,2087.584,3.9110928,6.059361
Canada,2016-08-01,1693.044,3.452754,5.271227
Canada,2016-07-01,1830.781,3.3537927,5.0812373
Canada,2016-06-01,2256.67,3.684391,5.6354613
Canada,2016-05-01,2329.164,3.632879,5.491864
Canada,2016-04-01,2403.123,3.9124866,5.8857026
Canada,2016-03-01,2582.123,3.5949533,5.5638866
Canada,2016-02-01,3036.807,3.7328212,5.9262204
Canada,2016-01-01,3293.311,3.7226539,5.968399
Canada,2015-12-01,2634.306,3.788458,6.0549927
Canada,2015-11-01,2674.069,3.94619,6.2723956
Canada,2015-10-01,2742.335,4.053282,6.305497
Canada,2015-09-01,1865.747,3.910823,6.018065
Canada,2015-08-01,1443.603,3.4543457,5.275776
Canada,2015-07-01,1316.674,3.3922563,5.1611376
Canada,2015-06-01,1418.916,3.3828177,5.133254
Canada,2015-05-01,1848.533,3.8107178,5.706655
Canada,2015-04-01,2514.503,3.9567254,6.051123
Canada,2015-03-01,2792.32,3.981846,6.1973996
Canada,2015-02-01,2260.944,3.8307257,6.0722203
Canada,2015-01-01,3185.05,4.0630283,6.4746
Canada,2014-12-01,2192.823,3.8983037,6.232833
Canada,2014-11-01,2321.031,4.146741,6.4636765
Canada,2014-10-01,2185.688,3.9578085,6.19733
Canada,2014-09-01,1518.817,3.916094,5.968252
Canada,2014-08-01,1062.682,3.335023,5.069885
Canada,2014-07-01,1331.35,3.4394948,5.230607
Canada,2014-06-01,1223.793,3.536928,5.3848596
Canada,2014-05-01,1391.316,3.5213635,5.3662453
Canada,2014-04-01,2173.223,3.9057338,5.9503074
Canada,2014-03-01,2181.5,3.7565515,5.8114367
Canada,2014-02-01,1897.383,3.755114,5.9335527
Canada,2014-01-01,2835.394,4.2315207,6.7831006
Canada,2013-12-01,1777.417,3.879215,6.2211556
Canada,2013-11-01,2076.87,4.0042415,6.3457136
Canada,2013-10-01,1490.613,3.7861364,5.9082613
Canada,2013-09-01,1222.529,3.9705634,6.099579
Canada,2013-08-01,812.533,3.4406857,5.2141867
Canada,2013-07-01,876.276,3.6000297,5.4223704
Canada,2013-06-01,992.951,3.4300113,5.1987777
Canada,2013-05-01,1440.684,3.588827,5.455174
Canada,2013-04-01,1751.585,4.105842,6.236904
Canada,2013-03-01,1488.343,3.7621999,5.8081717
Canada,2013-02-01,1676.924,3.6180294,5.730089
Canada,2013-01-01,2178.274,3.826692,6.1126285
Canada,2012-12-01,1117.191,3.547413,5.66633
Canada,2012-11-01,1022.274,3.9294314,6.171944
Canada,2012-10-01,1176.21,3.8632755,5.955906
Canada,2012-09-01,767.995,4.0024214,6.202703
Canada,2012-08-01,572.12,3.353801,5.1263947
Canada,2012-07-01,508.204,3.2709649,4.9310575
Canada,2012-06-01,753.76,3.6261792,5.5242977
Canada,2012-05-01,817.749,3.6488173,5.539376
Canada,2012-04-01,993.25,3.6829813,5.576727
Canada,2012-03-01,1178.972,3.9172595,6.1035476
Canada,2012-02-01,983.838,3.617812,5.801007
Canada,2012-01-01,1306.437,3.977817,6.3916373
Canada,2011-12-01,1241.804,4.2044735,6.712687
Canada,2011-11-01,1269.839,4.0612426,6.4047604
Canada,2011-10-01,946.429,3.963695,6.184066
Canada,2011-09-01,716.813,4.040727,6.233958
Canada,2011-08-01,515.908,3.45834,5.2824526
Canada,2011-07-01,549.69,3.358922,5.097636
Canada,2011-06-01,622.542,3.6529458,5.536448
Canada,2011-05-01,766.669,3.686189,5.566691
Canada,2011-04-01,938.943,3.7866008,5.7027636
Canada,2011-03-01,837.349,3.7261927,5.7903953
Canada,2011-02-01,913.153,4.177845,6.598608
Canada,2011-01-01,766.862,3.709042,5.921512
Canada,2010-12-01,1015.091,3.9886184,6.3021975
Canada,2010-11-01,1016.929,4.204863,6.6192837
Canada,2010-10-01,1023.757,4.051376,6.339833
Canada,2010-09-01,803.966,3.6927238,5.655499
Canada,2010-08-01,513.62,3.4843495,5.313464
Canada,2010-07-01,554.551,3.3030725,5.020199
Canada,2010-06-01,556.542,3.4386322,5.17763
Canada,2010-05-01,674.533,3.704682,5.5244923
Canada,2010-04-01,725.951,3.9571562,6.126607
Canada,2010-03-01,667.448,3.7818713,5.9455013
Canada,2010-02-01,453.208,3.5254562,5.629358
Canada,2010-01-01,631.406,3.9628317,6.346178
Germany,2023-03-01,14342.1549,4.019503,6.787114
Germany,2023-02-01,11957.5123,3.76619,6.406877
Germany,2023-01-01,17201.554,4.348499,7.36045
Germany,2022-12-01,11865.3642,3.451154,6.033372
Germany,2022-11-01,12707.6513,3.4593918,6.077384
Germany,2022-10-01,10857.4488,3.194185,5.7195034
Germany,2022-09-01,7978.8544,3.0450995,5.0517206
Germany,2022-08-01,4474.3531,2.5351713,4.147274
Germany,2022-07-01,7168.6333,3.004716,4.728285
Germany,2022-06-01,5455.3184,2.6956294,4.3531604
Germany,2022-05-01,7760.635,3.0333047,4.934472
Germany,2022-04-01,11215.1333,3.7157009,6.0759296
Germany,2022-03-01,8002.7945,2.878625,5.004115
Germany,2022-02-01,20411.2563,5.5026007,9.167655
Germany,2022-01-01,15851.2874,4.162601,7.0530605
Germany,2021-12-01,12064.3029,3.51816,5.7756095
Germany,2021-11-01,10219.594,3.218502,5.4812417
Germany,2021-10-01,12957.2754,3.5706897,6.2016053
Germany,2021-09-01,5751.6605,2.6409764,4.4620094
Germany,2021-08-01,7980.7517,3.106237,5.038356
Germany,2021-07-01,5858.8265,2.7705429,4.4756083
Germany,2021-06-01,4375.9194,2.4388747,3.945131
Germany,2021-05-01,9958.9944,3.7280092,6.0781198
Germany,2021-04-01,9433.7158,3.3437788,5.443791
Germany,2021-03-01,11374.3958,3.4437575,5.7816763
Germany,2021-02-01,11127.7774,3.4324393,6.0753345
Germany,2021-01-01,11413.7862,3.6303174,6.2218423
Germany,2020-12-01,11642.79,3.416983,6.068118
Germany,2020-11-01,11229.8584,3.2756734,5.68438
Germany,2020-10-01,13459.3409,3.8642814,6.5651956
Germany,2020-09-01,6357.3687,2.6723669,4.4788666
Germany,2020-08-01,6766.8069,2.764589,4.5675707
Germany,2020-07-01,7005.8102,2.9326327,4.6956587
Germany,2020-06-01,6406.0256,2.938256,4.7764316
Germany,2020-05-01,7627.0472,3.0949535,4.9730897
Germany,2020-04-01,8746.3773,3.1295056,5.2056637
Germany,2020-03-01,14144.3958,4.027107,6.7703166
Germany,2020-02-01,20290.4489,5.571504,9.234808
Germany,2020-01-01,15967.7302,3.9394119,6.877533
Germany,2019-12-01,15180.612,3.9330745,6.9863315
Germany,2019-11-01,10072.3251,3.2715738,5.729177
Germany,2019-10-01,11636.9124,3.5770147,6.1581054
Germany,2019-09-01,9106.1534,3.284974,5.4319134
Germany,2019-08-01,5790.4241,2.621288,4.3369694
Germany,2019-07-01,6565.8587,2.9122293,4.5589657
Germany,2019-06-01,6575.0843,2.88001,4.6898217
Germany,2019-05-01,8277.6749,3.2260644,5.2093062
Germany,2019-04-01,9067.7997,3.3430793,5.608225
Germany,2019-03-01,16472.0629,4.610341,7.6267366
Germany,2019-02-01,10886.3909,3.5101113,6.2179465
Germany,2019-01-01,13913.7015,4.277428,7.20853
Germany,2018-12-01,14261.6712,4.1915727,7.1996512
Germany,2018-11-01,9830.0392,3.2519295,5.751511
Germany,2018-10-01,10618.137,3.4504728,5.8566937
Germany,2018-09-01,7889.819,3.0187054,4.999835
Germany,2018-08-01,6043.5841,2.850657,4.56774
Germany,2018-07-01,4391.0133,2.5326948,4.021915
Germany,2018-06-01,5741.8409,2.9505103,4.6546865
Germany,2018-05-01,7195.2042,3.047297,5.0649133
Germany,2018-04-01,8892.6567,3.239639,5.51863
Germany,2018-03-01,10654.7193,3.600526,6.042325
Germany,2018-02-01,7943.1628,3.296517,5.5641675
Germany,2018-01-01,14427.1523,4.3764954,7.4766855
Germany,2017-12-01,15190.198,4.347668,7.4334474
Germany,2017-11-01,10430.6,3.6730845,6.3072443
Germany,2017-10-01,12669.094,4.151286,6.986082
Germany,2017-09-01,6374.085,3.0217917,5.0152073
Germany,2017-08-01,5579.143,2.812122,4.667265
Germany,2017-07-01,5590.064,2.982193,4.861714
Germany,2017-06-01,7117.905,3.2894983,5.278193
Germany,2017-05-01,5680.844,2.8440146,4.6862693
Germany,2017-04-01,8089.17,3.4096627,5.520119
Germany,2017-03-01,9296.492,3.5927353,6.1871223
Germany,2017-02-01,9873.044,3.8639872,6.610965
Germany,2017-01-01,7816.363,3.3510528,5.83519
Germany,2016-12-01,8822.787,3.4441268,6.073892
Germany,2016-11-01,7678.555,3.4387867,6.031936
Germany,2016-10-01,5332.654,2.9647236,4.958539
Germany,2016-09-01,4019.445,2.6728187,4.535534
Germany,2016-08-01,4529.318,2.8757284,4.7422414
Germany,2016-07-01,4432.723,2.8356118,4.550721
Germany,2016-06-01,4432.723,2.5877333,4.1844754
Germany,2016-05-01,6446.242,3.2643719,5.395533
Germany,2016-04-01,6235.869,3.1990001,5.280545
Germany,2016-03-01,6332.818,3.3043466,5.577343
Germany,2016-02-01,10379.97,4.388342,7.3850055
Germany,2016-01-01,9772.898,3.929385,6.8193183
Germany,2015-12-01,11490.346,4.1808767,7.373303
Germany,2015-11-01,10567.127,4.411237,7.446175
Germany,2015-10-01,3984.135,2.653384,4.542159
Germany,2015-09-01,5552.798,3.3417952,5.615474
Germany,2015-08-01,3945.48,2.7309158,4.521841
Germany,2015-07-01,6008.565,3.437991,5.4697046
Germany,2015-06-01,4223.255,3.0849965,4.940087
Germany,2015-05-01,5425.148,3.25102,5.2849717
Germany,2015-04-01,5386.493,3.2537045,5.3867917
Germany,2015-03-01,7458.567,3.8219826,6.4132056
Germany,2015-02-01,5414.36,3.3560536,5.788862
Germany,2015-01-01,9627.727,4.5067177,7.629527
Germany,2014-12-01,9859.772,4.379344,7.3661814
Germany,2014-11-01,4439.511,3.0597563,5.31145
Germany,2014-10-01,4233.522,3.0530376,5.2795024
Germany,2014-09-01,2737.288,2.817998,4.720973
Germany,2014-08-01,3713.94,3.0553446,4.9805593
Germany,2014-07-01,2611.236,2.7629123,4.5145645
Germany,2014-06-01,2758.809,2.7974117,4.4393277
Germany,2014-05-01,4130.016,3.3603275,5.454231
Germany,2014-04-01,3959.896,3.0363865,5.015696
Germany,2014-03-01,5112.816,3.2189353,5.5254154
Germany,2014-02-01,6852.956,3.9071553,6.9176955
Germany,2014-01-01,6947.24,3.8246675,6.605557
Germany,2013-12-01,8983.97,4.1818905,7.314204
Germany,2013-11-01,4634.187,3.578286,6.078022
Germany,2013-10-01,5889.861,3.6755836,6.3295794
Germany,2013-09-01,3611.403,3.2705376,5.437315
Germany,2013-08-01,2521.006,2.6912425,4.4167056
Germany,2013-07-01,1836.289,2.6237123,4.2561536
Germany,2013-06-01,3662.918,3.2911048,5.293091
Germany,2013-05-01,3109.134,3.1089125,5.0920544
Germany,2013-04-01,3574.914,3.2109947,5.3710976
Germany,2013-03-01,5016.256,3.554078,5.7898226
Germany,2013-02-01,3469.738,3.3472118,5.589181
Germany,2013-01-01,5398.324,3.7532728,6.290083
Germany,2012-12-01,6229.524,4.056439,7.0718985
Germany,2012-11-01,4319.372,3.3718204,5.8490233
Germany,2012-10-01,4125.045,3.3533294,5.7519317
Germany,2012-09-01,3342.214,3.1855345,5.2995644
Germany,2012-08-01,2390.45,2.7680926,4.592124
Germany,2012-07-01,2918.226,3.1458194,5.080176
Germany,2012-06-01,3201.989,3.1760707,5.1185575
Germany,2012-05-01,3201.989,3.176223,5.195138
Germany,2012-04-01,3755.16,3.3360517,5.542646
Germany,2012-03-01,4448.556,3.2396226,5.4951363
Germany,2012-02-01,4967.499,3.7933638,6.416973
Germany,2012-01-01,7770.977,4.652258,7.7762713
Germany,2011-12-01,8743.709,5.0640025,8.578965
Germany,2011-11-01,3234.457,2.9158428,5.1371446
Germany,2011-10-01,4360.646,3.567416,6.0458813
Germany,2011-09-01,3159.734,3.1004653,5.212599
Germany,2011-08-01,3055.121,3.0951426,5.075728
Germany,2011-07-01,3936.857,3.4205127,5.472902
Germany,2011-06-01,2763.699,3.1966205,5.1299334
Germany,2011-05-01,3350.812,3.1913786,5.1628966
Germany,2011-04-01,3900.563,3.31723,5.5660853
Germany,2011-03-01,3415.928,3.1976438,5.4852543
Germany,2011-02-01,4991.525,3.8387365,6.39389
Germany,2011-01-01,3969.949,3.3937922,5.992407
Germany,2010-12-01,2967.216,3.5750802,6.0829744
Germany,2010-11-01,3882.363,3.706823,6.2018085
Germany,2010-10-01,4059.664,3.5240643,6.0195055
Germany,2010-09-01,2835.891,3.2572792,5.4235935
Germany,2010-08-01,2982.452,3.156083,5.1603518
Germany,2010-07-01,1765.105,2.5823743,4.1487365
Germany,2010-06-01,1960.015,2.7600746,4.4431334
Germany,2010-05-01,2692.018,3.176225,5.078166
Germany,2010-04-01,3145.056,3.2291,5.4152617
Germany,2010-03-01,4901.152,3.836795,6.5145755
Germany,2010-02-01,3695.588,3.5854938,6.2076106
Germany,2010-01-01,2906.482,3.2769086,5.4493475
United States,2023-03-01,44426.331,3.7620718,5.986961
United States,2023-02-01,42084.0444,3.7561345,6.1226683
United States,2023-01-01,39139.6361,3.4202583,5.6555552
United States,2022-12-01,39343.876,3.5954943,5.9064255
United States,2022-11-01,42035.8654,3.5879188,5.8377204
United States,2022-10-01,32876.9999,3.2111855,5.157693
United States,2022-09-01,27065.9698,2.9695795,4.703326
United States,2022-08-01,24420.6168,2.7376237,4.2601504
United States,2022-07-01,29403.7878,2.9231167,4.5045815
United States,2022-06-01,33752.4162,3.1926694,4.9324446
United States,2022-05-01,41966.5883,3.605725,5.612973
United States,2022-04-01,46297.9676,4.062795,6.3569765
United States,2022-03-01,43307.819,3.787329,6.049681
United States,2022-02-01,38227.1363,3.728986,6.0377555
United States,2022-01-01,38257.3738,3.5629098,5.840893
United States,2021-12-01,40743.0095,3.6765952,6.0674987
United States,2021-11-01,36105.3909,3.3340666,5.485361
United States,2021-10-01,32483.8416,3.331332,5.347252
United States,2021-09-01,28712.6186,3.0361142,4.82118
United States,2021-08-01,26350.2088,2.8980186,4.5160723
United States,2021-07-01,21474.1918,2.7710545,4.2837386
United States,2021-06-01,26436.0806,3.081928,4.7810426
United States,2021-05-01,33254.9815,3.3664463,5.224574
United States,2021-04-01,35969.5158,3.558406,5.592598
United States,2021-03-01,39627.0266,3.7702305,6.040676
United States,2021-02-01,26726.5226,3.5338724,5.7097287
United States,2021-01-01,30479.1127,3.374649,5.5655756
United States,2020-12-01,32356.2621,3.469463,5.756939
United States,2020-11-01,33738.9743,3.6410298,6.010127
United States,2020-10-01,29326.3661,3.3314059,5.3213086
United States,2020-09-01,23103.3083,3.2004862,5.0529056
United States,2020-08-01,22507.6148,2.834956,4.4182587
United States,2020-07-01,22599.6657,2.8595877,4.389402
United States,2020-06-01,30053.3142,3.3621843,5.194214
United States,2020-05-01,28098.936,3.411176,5.323733
United States,2020-04-01,29445.3069,3.5257387,5.568662
United States,2020-03-01,29392.7014,3.6109831,5.8077383
United States,2020-02-01,29147.4464,3.577831,5.799286
United States,2020-01-01,28310.3868,3.4982262,5.7660327
United States,2019-12-01,26551.5431,3.4002779,5.678068
United States,2019-11-01,25063.9675,3.365427,5.4839344
United States,2019-10-01,27493.9195,3.564604,5.677149
United States,2019-09-01,23739.1491,3.2438767,5.1285825
United States,2019-08-01,19419.4502,2.794971,4.346442
United States,2019-07-01,21966.2065,2.8628058,4.434236
United States,2019-06-01,22872.1462,3.0197327,4.6955533
United States,2019-05-01,25871.7796,3.3148897,5.1686406
United States,2019-04-01,29530.6974,3.6003003,5.695469
United States,2019-03-01,25443.057,3.5313203,5.647447
United States,2019-02-01,22521.9905,3.706704,5.977695
United States,2019-01-01,24588.5235,3.489612,5.7072625
United States,2018-12-01,24671.6776,3.3620806,5.575642
United States,2018-11-01,22351.9578,3.336386,5.3937926
United States,2018-10-01,21019.142,3.3237784,5.321027
United States,2018-09-01,17881.2466,2.9693937,4.6808558
United States,2018-08-01,19394.6406,2.9260213,4.5656815
United States,2018-07-01,15809.4323,2.8008142,4.3215394
United States,2018-06-01,24260.1561,3.2039328,4.939261
United States,2018-05-01,23259.172,3.1741753,4.9642015
United States,2018-04-01,26582.7841,3.8312373,6.0215125
United States,2018-03-01,27094.8613,3.6167965,5.7745533
United States,2018-02-01,23777.1511,3.629214,5.9028807
United States,2018-01-01,26654.4347,3.5567784,5.883901
United States,2017-12-01,22815.03,3.416254,5.5564065
United States,2017-11-01,23360.329,3.4676824,5.69181
United States,2017-10-01,24831.731,3.5711324,5.7410536
United States,2017-09-01,17323.486,3.05619,4.829774
United States,2017-08-01,13188.949,2.7629666,4.2966638
United States,2017-07-01,15893.75,2.7398236,4.2265816
United States,2017-06-01,19700.308,3.2254303,4.9898467
United States,2017-05-01,22663.269,3.4176302,5.317972
United States,2017-04-01,25781.188,3.6381485,5.7597685
United States,2017-03-01,26094.847,3.7282617,5.949618
United States,2017-02-01,22139.632,3.6381958,5.9753456
United States,2017-01-01,20658.17,3.5247808,5.783753
United States,2016-12-01,23045.966,3.6235907,5.9136066
United States,2016-11-01,19380.285,3.3165407,5.445457
United States,2016-10-01,20425.046,3.4353158,5.5504885
United States,2016-09-01,16474.509,3.123276,4.9330664
United States,2016-08-01,13597.234,2.8169167,4.3837833
United States,2016-07-01,17633.318,3.0143063,4.6237555
United States,2016-06-01,16353.366,3.0655894,4.725537
United States,2016-05-01,18836.47,3.2508037,5.051085
United States,2016-04-01,20615.168,3.6188745,5.673334
United States,2016-03-01,21812.844,3.6524882,5.8623896
United States,2016-02-01,20246.911,3.6771169,6.0151973
United States,2016-01-01,18570.983,3.4681726,5.7507396
United States,2015-12-01,20098.42,3.5649533,5.9195876
United States,2015-11-01,19681.762,3.5932136,5.853317
United States,2015-10-01,16380.077,3.318066,5.3204684
United States,2015-09-01,13971.6,3.0116186,4.7463813
United States,2015-08-01,13080.059,2.8964434,4.5056696
United States,2015-07-01,13675.482,2.883021,4.4435267
United States,2015-06-01,13421.298,2.9202592,4.5186796
United States,2015-05-01,17151.382,3.271322,5.0922427
United States,2015-04-01,17867.192,3.5837593,5.643405
United States,2015-03-01,15307.965,3.2538154,5.252551
United States,2015-02-01,14921.581,3.5148284,5.6339335
United States,2015-01-01,15162.182,3.3095903,5.422989
United States,2014-12-01,14688.866,3.289225,5.4195995
United States,2014-11-01,18988.579,3.7289946,6.036701
United States,2014-10-01,14545.447,3.3509476,5.3864584
United States,2014-09-01,11467.304,3.0217378,4.760701
United States,2014-08-01,10182.023,2.688914,4.1873527
United States,2014-07-01,12090.11,2.9275658,4.5202327
United States,2014-06-01,15683.719,3.2376812,4.988111
United States,2014-05-01,15524.704,3.3503888,5.2336874
United States,2014-04-01,18738.305,3.800713,6.002943
United States,2014-03-01,17770.94,3.656221,5.851075
United States,2014-02-01,13994.603,3.5705426,5.7891364
United States,2014-01-01,17980.401,3.8232903,6.2502522
United States,2013-12-01,14113.31,3.338428,5.491837
United States,2013-11-01,15902.812,3.5881777,5.797703
United States,2013-10-01,13732.519,3.3068216,5.3063025
United States,2013-09-01,11731.758,3.1281528,4.935076
United States,2013-08-01,9626.45,2.7053096,4.2147455
United States,2013-07-01,11152.992,2.8738415,4.422844
United States,2013-06-01,13783.929,3.1839664,4.9246993
United States,2013-05-01,16385.271,3.4852147,5.4129715
United States,2013-04-01,17314.862,3.7340934,5.8553996
United States,2013-03-01,15651.963,3.539284,5.6263204
United States,2013-02-01,13896.209,3.5608883,5.7613955
United States,2013-01-01,14547.925,3.4951382,5.7613726
United States,2012-12-01,14248.964,3.4814937,5.780032
United States,2012-11-01,11573.671,3.2752047,5.360266
United States,2012-10-01,12579.865,3.491255,5.5636907
United States,2012-09-01,8725.918,2.9904182,4.7050176
United States,2012-08-01,8330.114,2.8481464,4.4114513
United States,2012-07-01,8769.555,2.8332567,4.3425136
United States,2012-06-01,12006.019,3.345216,5.1395984
United States,2012-05-01,12639.156,3.334826,5.15943
United States,2012-04-01,12879.389,3.5751162,5.5885806
United States,2012-03-01,13969.282,3.765833,6.098552
United States,2012-02-01,11222.029,3.5176697,5.7207303
United States,2012-01-01,13878.038,3.6466668,6.0266895
United States,2011-12-01,10506.553,3.3946462,5.5902395
United States,2011-11-01,12398.044,3.7857943,6.207164
United States,2011-10-01,10660.948,3.3122933,5.309052
United States,2011-09-01,6907.942,2.9818957,4.665405
United States,2011-08-01,7368.633,2.802884,4.3463345
United States,2011-07-01,7408.197,2.8356926,4.354128
United States,2011-06-01,10926.27,3.3928046,5.2152877
United States,2011-05-01,11677.243,3.623126,5.635087
United States,2011-04-01,12491.887,3.9856117,6.273393
United States,2011-03-01,10574.801,3.620895,5.8048463
United States,2011-02-01,10566.248,3.9143934,6.361822
United States,2011-01-01,8690.232,3.3123496,5.4134073
United States,2010-12-01,8833.169,3.5660806,5.818702
United States,2010-11-01,9875.376,3.5606208,5.807012
United States,2010-10-01,7963.282,3.298192,5.3298054
United States,2010-09-01,7080.5,3.1812878,4.982468
United States,2010-08-01,6613.229,2.924446,4.536773
United States,2010-07-01,6630.927,2.9155512,4.486921
United States,2010-06-01,7992.904,3.1465244,4.834148
United States,2010-05-01,8681.79,3.4798675,5.401551
United States,2010-04-01,9838.513,3.7580762,5.942071
United States,2010-03-01,8683.188,3.5033264,5.649119
United States,2010-02-01,5494.157,3.1700919,5.072068
United States,2010-01-01,6964.964,3.4590576,5.6139445
Brazil,2023-03-01,6243.3895,1.8683877,3.1819358
Brazil,2023-02-01,6631.1419,1.8623348,3.1452494
Brazil,2023-01-01,6393.0241,1.8855413,3.1810446
Brazil,2022-12-01,6318.9355,2.0160058,3.39545
Brazil,2022-11-01,6010.5997,2.1464548,3.5900402
Brazil,2022-10-01,9695.4338,2.3149416,3.8243024
Brazil,2022-09-01,9325.4256,2.5191247,4.207258
Brazil,2022-08-01,9425.0432,2.5523832,4.334419
Brazil,2022-07-01,8455.2965,2.3912332,4.15704
Brazil,2022-06-01,5984.1705,2.065786,3.5930407
Brazil,2022-05-01,5901.8336,2.087907,3.5947773
Brazil,2022-04-01,5074.3977,1.8993291,3.270676
Brazil,2022-03-01,5361.0524,1.8110945,3.0815408
Brazil,2022-02-01,4538.5845,1.7899995,3.0449984
Brazil,2022-01-01,4607.7921,1.9651798,3.3441722
Brazil,2021-12-01,6012.6327,1.9686044,3.5555294
Brazil,2021-11-01,5913.0151,1.9915307,3.3161097
Brazil,2021-10-01,7297.4962,2.2010634,3.6362932
Brazil,2021-09-01,7863.69,2.2864585,3.8119342
Brazil,2021-08-01,8207.2691,2.5108032,4.2773905
Brazil,2021-07-01,7252.77,2.2986314,3.9709666
Brazil,2021-06-01,5874.3879,2.0641048,3.5451272
Brazil,2021-05-01,5333.6067,1.9518399,3.3601713
Brazil,2021-04-01,4525.4845,1.8446277,3.1512666
Brazil,2021-03-01,4024.3471,1.7571492,2.9796393
Brazil,2021-02-01,3641.7365,1.8685186,3.1614177
Brazil,2021-01-01,5616.6794,1.9604701,3.2757761
Brazil,2020-12-01,5857.3575,1.9695221,3.270662
Brazil,2020-11-01,5374.8161,2.0495827,3.4267201
Brazil,2020-10-01,5903.546,2.2561803,3.715069
Brazil,2020-09-01,6853.5926,2.4204276,4.0591946
Brazil,2020-08-01,6891.5569,2.529389,4.3115716
Brazil,2020-07-01,5884.7803,2.33917,4.0430994
Brazil,2020-06-01,4961.8903,2.2528226,3.9071546
Brazil,2020-05-01,3832.9058,2.0087466,3.4765909
Brazil,2020-04-01,3085.6029,1.8221306,3.1373446
Brazil,2020-03-01,2249.8303,1.7657969,3.0276992
Brazil,2020-02-01,2787.2578,1.8533859,3.133428
Brazil,2020-01-01,2797.0634,1.9423462,3.2769098
Brazil,2019-12-01,5147.9519,1.9895908,3.2749393
Brazil,2019-11-01,5243.5067,2.0295458,3.3179295
Brazil,2019-10-01,6116.0811,2.1448224,3.5207083
Brazil,2019-09-01,6484.8596,2.4008706,3.9934158
Brazil,2019-08-01,6484.8596,2.53601,4.286233
Brazil,2019-07-01,5187.0816,2.2921007,3.9308574
Brazil,2019-06-01,5187.0816,2.2424562,3.902914
Brazil,2019-05-01,3881.2429,1.8620017,3.1848283
Brazil,2019-04-01,2615.7078,1.660137,2.838542
Brazil,2019-03-01,2577.4193,1.8505989,3.1476154
Brazil,2019-02-01,2266.0735,1.8331892,3.0937767
Brazil,2019-01-01,4233.9,1.9582014,3.2777412
Brazil,2018-12-01,3820.9379,1.9177403,3.2433
Brazil,2018-11-01,5219.6191,2.1341498,3.5171978
Brazil,2018-10-01,4815.7383,2.1186473,3.4782486
Brazil,2018-09-01,5475.513,2.2856224,3.8113554
Brazil,2018-08-01,5317.2493,2.279839,3.8623765
Brazil,2018-07-01,4994.5557,2.2068071,3.779191
Brazil,2018-06-01,4304.9782,2.174391,3.7364423
Brazil,2018-05-01,3671.9234,1.9964752,3.4495282
Brazil,2018-04-01,2652.4585,1.750408,3.0194526
Brazil,2018-03-01,2282.4914,1.7462502,2.958103
Brazil,2018-02-01,2125.2554,1.8380706,3.132842
Brazil,2018-01-01,3435.5555,1.9269398,3.2093778
Brazil,2017-12-01,3759.554,2.0060914,3.3330297
Brazil,2017-11-01,3990.895,2.079909,3.4210317
Brazil,2017-10-01,4977.409,2.4730494,4.0651803
Brazil,2017-09-01,5138.431,2.635453,4.3712397
Brazil,2017-08-01,4404.66,2.3919237,4.0552773
Brazil,2017-07-01,4070.387,2.6267734,4.5179358
Brazil,2017-06-01,3329.483,2.2395036,3.8543146
Brazil,2017-05-01,2736.352,1.9339019,3.306419
Brazil,2017-04-01,2560.043,1.8993552,3.2306597
Brazil,2017-03-01,2042.327,1.7444019,2.949669
Brazil,2017-02-01,2176.852,1.8712844,3.1630573
Brazil,2017-01-01,2872.915,1.8853253,3.1421146
Brazil,2016-12-01,3063.085,2.0388565,3.3765297
Brazil,2016-11-01,3402.626,2.1795788,3.5735722
Brazil,2016-10-01,3734.626,2.3300383,3.8200533
Brazil,2016-09-01,3594.456,2.2861173,3.7911963
Brazil,2016-08-01,3432.001,2.4151244,4.0909934
Brazil,2016-07-01,3355.365,2.294879,3.9447286
Brazil,2016-06-01,2697.969,2.1028914,3.5981266
Brazil,2016-05-01,2390.929,1.9506685,3.3147545
Brazil,2016-04-01,2332.603,2.0254903,3.4213195
Brazil,2016-03-01,2064.769,1.9201902,3.237916
Brazil,2016-02-01,1815.583,1.976523,3.3280041
Brazil,2016-01-01,1356.074,2.1368935,3.5923529
Brazil,2015-12-01,2155.619,2.2058525,3.6042624
Brazil,2015-11-01,1970.924,2.1761124,3.5458107
Brazil,2015-10-01,2477.654,2.425267,3.9530241
Brazil,2015-09-01,2281.711,2.4230578,4.0353055
Brazil,2015-08-01,2576.834,2.5001347,4.2647038
Brazil,2015-07-01,1955.068,2.305885,3.9520652
Brazil,2015-06-01,1660.848,2.2686357,3.908611
Brazil,2015-05-01,1572.217,2.0181522,3.4601567
Brazil,2015-04-01,993.798,1.7295791,2.9408698
Brazil,2015-03-01,1115.355,1.736034,2.9260986
Brazil,2015-02-01,1162.752,1.9724766,3.3014104
Brazil,2015-01-01,1543.12,1.9459453,3.2086117
People's Republic of China,2023-03-01,83203.5711,2.742932,4.2892528
People's Republic of China,2023-02-01,74111.3782,2.6510177,4.211082
People's Republic of China,2023-01-01,77258.4283,2.7497902,4.4223924
People's Republic of China,2022-12-01,81867.4223,2.6496468,4.250456
People's Republic of China,2022-11-01,68166.2354,2.6116564,4.20343
People's Republic of China,2022-10-01,69445.7677,2.6067646,4.07025
People's Republic of China,2022-09-01,53910.2071,2.4677563,3.8036194
People's Republic of China,2022-08-01,52381.5623,2.45471,3.7393606
People's Republic of China,2022-07-01,51679.518,2.502836,3.781992
People's Republic of China,2022-06-01,59368.0353,2.6023538,3.9590366
People's Republic of China,2022-05-01,67328.3116,2.7928839,4.261248
People's Republic of China,2022-04-01,71087.6455,3.0249908,4.679844
People's Republic of China,2022-03-01,76160.4816,2.9315152,4.620487
People's Republic of China,2022-02-01,33578.8581,2.5939062,4.105719
People's Republic of China,2022-01-01,73097.9034,2.2662563,3.5889375
People's Republic of China,2021-12-01,64678.6606,2.4960775,4.2121778
People's Republic of China,2021-11-01,58450.8484,2.648525,4.2137537
People's Republic of China,2021-10-01,52641.9981,2.6533065,4.1632676
People's Republic of China,2021-09-01,38533.1726,2.30796,3.5593996
People's Republic of China,2021-08-01,36472.3329,2.357966,3.5877614
People's Republic of China,2021-07-01,42994.5508,2.4802294,3.749378
People's Republic of China,2021-06-01,43696.5951,2.5739558,3.9069798
People's Republic of China,2021-05-01,57363.8121,2.9180756,4.466725
People's Republic of China,2021-04-01,53162.8696,2.9703977,4.5919657
People's Republic of China,2021-03-01,53604.4781,2.8749754,4.5099225
People's Republic of China,2021-02-01,59921.7224,2.716694,4.3070636
People's Republic of China,2021-01-01,43629.8097,2.7266273,4.390449
People's Republic of China,2020-12-01,46801.7902,2.630036,4.2361617
People's Republic of China,2020-11-01,43187.5757,2.6633284,4.24937
People's Republic of China,2020-10-01,40168.1054,2.7173915,4.2978125
People's Republic of China,2020-09-01,30560.6998,2.446088,3.7936044
People's Republic of China,2020-08-01,32104.7471,2.481847,3.7943597
People's Republic of China,2020-07-01,32356.3696,2.4619596,3.7475054
People's Republic of China,2020-06-01,37011.3864,2.6920102,4.0998087
People's Republic of China,2020-05-01,45314.9298,2.8851821,4.4093313
People's Republic of China,2020-04-01,41632.091,2.7757406,4.2797437
People's Republic of China,2020-03-01,49432.3894,2.9020467,4.568831
People's Republic of China,2020-02-01,31443.021,2.5374117,4.0314226
People's Republic of China,2020-01-01,36449.312,2.2753055,3.647598
People's Republic of China,2019-12-01,41037.3469,2.453642,3.9471064
People's Republic of China,2019-11-01,38223.7495,2.6946416,4.305809
People's Republic of China,2019-10-01,32733.8034,2.541081,3.9600093
People's Republic of China,2019-09-01,25699.81,2.4071395,3.7144375
People's Republic of China,2019-08-01,25402.438,2.3813353,3.6140647
People's Republic of China,2019-07-01,24693.3199,2.351988,3.5636103
People's Republic of China,2019-06-01,30114.6417,2.5974627,3.9453597
People's Republic of China,2019-05-01,40396.8531,2.9823282,4.578284
People's Republic of China,2019-04-01,39218.8022,2.8420496,4.4232445
People's Republic of China,2019-03-01,39081.5536,2.685516,4.2526007
People's Republic of China,2019-02-01,28729.789,2.645885,4.264766
People's Republic of China,2019-01-01,36639.5727,2.4563882,4.0087976
People's Republic of China,2018-12-01,37813.086,2.6269896,4.2439384
People's Republic of China,2018-11-01,29494.6543,2.465361,3.9933486
People's Republic of China,2018-10-01,27739.2864,2.484709,3.914334
People's Republic of China,2018-09-01,26106.9059,2.5287027,3.9255276
People's Republic of China,2018-08-01,20974.9703,2.2870252,3.4667857
People's Republic of China,2018-07-01,26073.3639,2.5022995,3.7946405
People's Republic of China,2018-06-01,25536.6909,2.5458195,3.862309
People's Republic of China,2018-05-01,31842.5988,2.9301531,4.494835
People's Republic of China,2018-04-01,36717.3786,3.0519128,4.728216
People's Republic of China,2018-03-01,34179.3625,2.7969835,4.3886666
People's Republic of China,2018-02-01,34596.3726,2.7330623,4.358323
People's Republic of China,2018-01-01,31236.6199,2.7786646,4.4837623
People's Republic of China,2017-12-01,29586.695,2.530756,4.118856
People's Republic of China,2017-11-01,30755.309,2.584299,4.1195073
People's Republic of China,2017-10-01,25076.062,2.595365,4.057344
People's Republic of China,2017-09-01,21843.259,2.462907,3.816229
People's Republic of China,2017-08-01,19953.818,2.3869557,3.6387107
People's Republic of China,2017-07-01,19680.777,2.443561,3.7094488
People's Republic of China,2017-06-01,21471.924,2.4843645,3.7722569
People's Republic of China,2017-05-01,27183.936,2.867416,4.4003496
People's Republic of China,2017-04-01,27194.858,2.983907,4.681144
People's Republic of China,2017-03-01,24071.272,2.6471424,4.166254
People's Republic of China,2017-02-01,25007.021,2.7245638,4.326869
People's Republic of China,2017-01-01,22432.769,2.4960897,4.0099
People's Republic of China,2016-12-01,22662.855,2.4564679,4.0001974
People's Republic of China,2016-11-01,23673.879,2.6260295,4.1861005
People's Republic of China,2016-10-01,21606.391,2.6714091,4.2087183
People's Republic of China,2016-09-01,15290.327,2.2676938,3.496261
People's Republic of China,2016-08-01,15415.285,2.3451014,3.562842
People's Republic of China,2016-07-01,17028.38,2.5267344,3.8532858
People's Republic of China,2016-06-01,19675.22,2.5839076,3.924434
People's Republic of China,2016-05-01,23480.762,3.0057278,4.6249533
People's Republic of China,2016-04-01,22026.704,2.948151,4.584742
People's Republic of China,2016-03-01,21004.32,2.868108,4.542676
People's Republic of China,2016-02-01,14113.365,2.7483506,4.375734
People's Republic of China,2016-01-01,18721.811,2.5392778,4.060624
People's Republic of China,2015-12-01,17526.409,2.4372714,3.9183288
People's Republic of China,2015-11-01,16676.713,2.4504585,3.8518867
People's Republic of China,2015-10-01,16869.311,2.622132,4.1144447
People's Republic of China,2015-09-01,12677.474,2.5039048,3.8877513
People's Republic of China,2015-08-01,11805.119,2.367666,3.5765202
People's Republic of China,2015-07-01,12122.339,2.4821987,3.747143
People's Republic of China,2015-06-01,15827.016,2.6958663,4.109589
People's Republic of China,2015-05-01,17820.971,2.900405,4.4653726
People's Republic of China,2015-04-01,17764.324,2.931229,4.5507574
People's Republic of China,2015-03-01,17435.775,2.9078403,4.5992417
People's Republic of China,2015-02-01,12258.29,2.6729176,4.2679605
People's Republic of China,2015-01-01,15124.6,2.4635873,3.9966447
